HOTKEYVIP STUDIO - NHẬT KÝ CHẠY PYTHON
File: D:\CodexProjects\Hotkeyvip\03_dang_bai\VIP_tudongdangbai_3_5_luong_TEST.py
Bắt đầu: 2026-08-01 09:03:08
========================================================================
[09:03:09] Thời gian bắt đầu: 01/08/2026 09:03:09
[09:03:30] ========================================================================
[09:03:30] ĐĂNG BÀI ĐA LUỒNG | 5 WORKER | 23 BÀI
[09:03:30] Không dùng current_row.ini; chỉ tiến trình chính ghi Excel.
[09:03:30] ========================================================================
[09:03:41]     Edge đã được ẩn trong lúc chạy.
[09:03:41]     Edge đã được ẩn theo lựa chọn trên bảng tiến độ.
[09:03:41] Worker 3: sẵn sàng.
[09:03:43] [GIAO] Worker 3 <- dòng 181 | congdongkinhdoanh.com | bài kế tiếp sau 1.2s

[09:03:43] [WORKER 3] BẮT ĐẦU DÒNG 181

[09:03:43] ========================================================================
[09:03:43] BẮT ĐẦU BÀI 1/23
[09:03:43] ========================================================================
[09:03:46] [1] Đã chọn dòng 181: xây dựng chiến lược kinh doanh
[09:03:46]     Word chạy nền, không hiện cửa sổ.
[09:03:46]     File: D:\baivietlamviec\dangbai\congdongkinhdoanh.com\[06] 10.08.2026\xây dựng chiến lược kinh doanh.docx
[09:03:46]     Dòng Excel được truyền trực tiếp: 181

[09:03:46] Đối chiếu tài nguyên đăng bài:
[09:03:46] - File Word     : D:\baivietlamviec\dangbai\congdongkinhdoanh.com\[06] 10.08.2026\xây dựng chiến lược kinh doanh.docx
[09:03:46] - Tên gốc Word : xây dựng chiến lược kinh doanh
[09:03:46] - Ảnh đại diện : D:\baivietlamviec\dangbai\congdongkinhdoanh.com\[06] 10.08.2026\xây dựng chiến lược kinh doanh 1.png
[09:03:46] - Ảnh bài viết : D:\baivietlamviec\dangbai\congdongkinhdoanh.com\[06] 10.08.2026\xây dựng chiến lược kinh doanh 2.png
[09:03:48] Đã tìm thấy phần FAQ → chỉ lấy nội dung chính trước FAQ.
[09:03:48] Đã lấy HTML trực tiếp từ Clipboard Word, độ dài: 33239 ký tự.
[09:03:49] Đã đọc được 4 cặp FAQ hợp lệ từ Word.
[09:03:53]     Edge đã được ẩn trong lúc chạy.
[09:03:53] Worker 5: sẵn sàng.
[09:03:53]     Edge đã được ẩn theo lựa chọn trên bảng tiến độ.
[09:03:53] [GIAO] Worker 5 <- dòng 314 | doanhnhanduongthoi.com | bài kế tiếp sau 1.6s

[09:03:53] [WORKER 5] BẮT ĐẦU DÒNG 314

[09:03:53] ========================================================================
[09:03:53] BẮT ĐẦU BÀI 9/23
[09:03:53] ========================================================================
[09:03:54]     Edge đã được ẩn trong lúc chạy.
[09:03:54]     Edge đã được ẩn theo lựa chọn trên bảng tiến độ.
[09:03:54] Worker 4: sẵn sàng.
[09:03:56]     Edge đã được ẩn trong lúc chạy.
[09:03:56]     Edge đã được ẩn theo lựa chọn trên bảng tiến độ.
[09:03:56] [GIAO] Worker 4 <- dòng 1087 | kythuatmarketing.com | bài kế tiếp sau 1.9s
[09:03:56] Worker 2: sẵn sàng.

[09:03:56] [WORKER 4] BẮT ĐẦU DÒNG 1087

[09:03:56] ========================================================================
[09:03:56] BẮT ĐẦU BÀI 14/23
[09:03:56] ========================================================================
[09:03:56] [1] Đã chọn dòng 314: chân dung khách hàng B2B
[09:03:56]     Word chạy nền, không hiện cửa sổ.
[09:03:56]     File: D:\CodexProjects\Hotkeyvip\07_ket_qua\bai_viet\[02] 30.07.2026\chân dung khách hàng B2B.docx
[09:03:56]     Dòng Excel được truyền trực tiếp: 314

[09:03:56] Đối chiếu tài nguyên đăng bài:
[09:03:56] - File Word     : D:\CodexProjects\Hotkeyvip\07_ket_qua\bai_viet\[02] 30.07.2026\chân dung khách hàng B2B.docx
[09:03:56] - Tên gốc Word : chân dung khách hàng B2B
[09:03:56] - Ảnh đại diện : D:\CodexProjects\Hotkeyvip\07_ket_qua\bai_viet\[02] 30.07.2026\chân dung khách hàng B2B 1.png
[09:03:56] - Ảnh bài viết : D:\CodexProjects\Hotkeyvip\07_ket_qua\bai_viet\[02] 30.07.2026\chân dung khách hàng B2B 2.png
[09:03:58]     Edge đã được ẩn trong lúc chạy.
[09:03:58]     Edge đã được ẩn theo lựa chọn trên bảng tiến độ.
[09:03:58] [GIAO] Worker 2 <- dòng 182 | congdongkinhdoanh.com | bài kế tiếp sau 1.8s
[09:03:58] Worker 1: sẵn sàng.

[09:03:58] [WORKER 2] BẮT ĐẦU DÒNG 182

[09:03:58] ========================================================================
[09:03:58] BẮT ĐẦU BÀI 2/23
[09:03:58] ========================================================================

[09:03:59] ------------------------------------------------------------------------
[09:03:59] Dòng Excel     : 181
[09:03:59] File Word      : D:\baivietlamviec\dangbai\congdongkinhdoanh.com\[06] 10.08.2026\xây dựng chiến lược kinh doanh.docx
[09:03:59] URL CMS        : https://congdongkinhdoanh.com/admin/news_tb/field/root_id=999
[09:03:59] Ảnh đại diện   : D:\baivietlamviec\dangbai\congdongkinhdoanh.com\[06] 10.08.2026\xây dựng chiến lược kinh doanh 1.png
[09:03:59] Ảnh bài viết   : D:\baivietlamviec\dangbai\congdongkinhdoanh.com\[06] 10.08.2026\xây dựng chiến lược kinh doanh 2.png
[09:03:59] ------------------------------------------------------------------------
[09:03:59]     Đang chờ lượt mở CMS/đăng nhập (không cho nhiều worker vào website cùng lúc)...
[09:03:59]     Đã đến lượt worker mở CMS/đăng nhập.
[09:03:59] [1] Đã chọn dòng 1087: SWOT marketing
[09:03:59]     Word chạy nền, không hiện cửa sổ.
[09:03:59]     File: D:\CodexProjects\Hotkeyvip\07_ket_qua\bai_viet\kythuatmarketing.com\SWOT marketing.docx
[09:03:59]     Dòng Excel được truyền trực tiếp: 1087

[09:03:59] Đối chiếu tài nguyên đăng bài:
[09:03:59] - File Word     : D:\CodexProjects\Hotkeyvip\07_ket_qua\bai_viet\kythuatmarketing.com\SWOT marketing.docx
[09:03:59] - Tên gốc Word : SWOT marketing
[09:03:59] - Ảnh đại diện : D:\CodexProjects\Hotkeyvip\07_ket_qua\bai_viet\kythuatmarketing.com\SWOT marketing 1.png
[09:03:59] - Ảnh bài viết : D:\CodexProjects\Hotkeyvip\07_ket_qua\bai_viet\kythuatmarketing.com\SWOT marketing 2.png
[09:04:00] Đã tìm thấy phần FAQ → chỉ lấy nội dung chính trước FAQ.
[09:04:00] Đã lấy HTML trực tiếp từ Clipboard Word, độ dài: 55764 ký tự.
[09:04:01] Đã đọc được 4 cặp FAQ hợp lệ từ Word.
[09:04:01] [GIAO] Worker 1 <- dòng 183 | congdongkinhdoanh.com | bài kế tiếp sau 1.4s

[09:04:01] [WORKER 1] BẮT ĐẦU DÒNG 183

[09:04:01] ========================================================================
[09:04:01] BẮT ĐẦU BÀI 3/23
[09:04:01] ========================================================================
[09:04:01] [1] Đã chọn dòng 182: phân tích SWOT
[09:04:01]     Word chạy nền, không hiện cửa sổ.
[09:04:01]     File: D:\baivietlamviec\dangbai\congdongkinhdoanh.com\[06] 10.08.2026\phân tích SWOT.docx
[09:04:01]     Dòng Excel được truyền trực tiếp: 182

[09:04:01] Đối chiếu tài nguyên đăng bài:
[09:04:01] - File Word     : D:\baivietlamviec\dangbai\congdongkinhdoanh.com\[06] 10.08.2026\phân tích SWOT.docx
[09:04:01] - Tên gốc Word : phân tích SWOT
[09:04:01] - Ảnh đại diện : D:\baivietlamviec\dangbai\congdongkinhdoanh.com\[06] 10.08.2026\phân tích SWOT 1.png
[09:04:01] - Ảnh bài viết : D:\baivietlamviec\dangbai\congdongkinhdoanh.com\[06] 10.08.2026\phân tích SWOT 2.png
[09:04:01]     Đã ở đúng trang đăng bài, không cần đăng nhập.
[09:04:02] Đã tìm thấy phần FAQ → chỉ lấy nội dung chính trước FAQ.
[09:04:02] Đã lấy HTML trực tiếp từ Clipboard Word, độ dài: 52045 ký tự.
[09:04:03] Đã đọc được 5 cặp FAQ hợp lệ từ Word.
[09:04:04] [1] Đã chọn dòng 183: phân tích PESTEL
[09:04:04]     Word chạy nền, không hiện cửa sổ.
[09:04:04]     File: D:\baivietlamviec\dangbai\congdongkinhdoanh.com\[06] 10.08.2026\phân tích PESTEL.docx
[09:04:04]     Dòng Excel được truyền trực tiếp: 183
[09:04:04] Đã tìm thấy phần FAQ → chỉ lấy nội dung chính trước FAQ.

[09:04:04] Đối chiếu tài nguyên đăng bài:
[09:04:04] - File Word     : D:\baivietlamviec\dangbai\congdongkinhdoanh.com\[06] 10.08.2026\phân tích PESTEL.docx
[09:04:04] - Tên gốc Word : phân tích PESTEL
[09:04:04] - Ảnh đại diện : D:\baivietlamviec\dangbai\congdongkinhdoanh.com\[06] 10.08.2026\phân tích PESTEL 1.png
[09:04:04] - Ảnh bài viết : D:\baivietlamviec\dangbai\congdongkinhdoanh.com\[06] 10.08.2026\phân tích PESTEL 2.png
[09:04:04] Đã lấy HTML trực tiếp từ Clipboard Word, độ dài: 32915 ký tự.
[09:04:04] [3] Điền 5 ô đầu...
[09:04:05] Đã đọc được 3 cặp FAQ hợp lệ từ Word.
[09:04:05] [6] Chọn Danh mục / Tác giả từ dữ liệu đã chốt...
[09:04:05] Đã mở Select2 Danh mục.
[09:04:06] Đã chọn Danh mục: Kinh doanh
[09:04:07] Đã tìm thấy phần FAQ → chỉ lấy nội dung chính trước FAQ.
[09:04:07] Đã tải xong ô Select2 Tác giả.
[09:04:07] Đã lấy HTML trực tiếp từ Clipboard Word, độ dài: 45625 ký tự.
[09:04:07] Đã random Tác giả từ CMS: Bùi Đức Nhật

[09:04:07] Kết quả Danh mục/Tác giả:
[09:04:07] - Trạng thái: OK
[09:04:07] - Danh mục  : Kinh doanh
[09:04:07] - Tác giả   : Bùi Đức Nhật
[09:04:07] [4] Đưa Edge lên trước và focus CKEditor detail...
[09:04:07] Đã đọc được 3 cặp FAQ hợp lệ từ Word.
[09:04:08] [5] Đưa HTML Word vào CKEditor detail...
[09:04:08] Đã nạp CKEditor, độ dài HTML: 15101
[09:04:09] [7] Tạo đủ block và dán FAQ một lượt...
[09:04:10] Đã tạo đủ 4 block FAQ.
[09:04:10] Đã dán một lượt 4 cặp FAQ.

[09:04:10] Kết quả FAQ:
[09:04:10] - Trạng thái: OK
[09:04:10] - Số cặp    : 4
[09:04:10] [3] Upload ảnh đại diện...
[09:04:10]     OK: đã gửi ảnh đại diện
[09:04:10] [4] Mở popup ảnh CKEditor...

[09:04:11] ------------------------------------------------------------------------
[09:04:11] Dòng Excel     : 314
[09:04:11] File Word      : D:\CodexProjects\Hotkeyvip\07_ket_qua\bai_viet\[02] 30.07.2026\chân dung khách hàng B2B.docx
[09:04:11] URL CMS        : https://doanhnhanduongthoi.com/admin/news_tb/field/root_id=999
[09:04:11] Ảnh đại diện   : D:\CodexProjects\Hotkeyvip\07_ket_qua\bai_viet\[02] 30.07.2026\chân dung khách hàng B2B 1.png
[09:04:11] Ảnh bài viết   : D:\CodexProjects\Hotkeyvip\07_ket_qua\bai_viet\[02] 30.07.2026\chân dung khách hàng B2B 2.png
[09:04:11] ------------------------------------------------------------------------
[09:04:11]     Đang chờ lượt mở CMS/đăng nhập (không cho nhiều worker vào website cùng lúc)...
[09:04:11]     Đã đến lượt worker mở CMS/đăng nhập.
[09:04:11] [5] Click tab Tải lên...
[09:04:11] [6] Chọn ảnh bài viết...
[09:04:11]     D:\baivietlamviec\dangbai\congdongkinhdoanh.com\[06] 10.08.2026\xây dựng chiến lược kinh doanh 2.png
[09:04:11]     OK: đã chọn file trong popup
[09:04:11] [7] Click Tải lên máy chủ...
[09:04:12] [8] Chờ server trả URL ảnh...
[09:04:12]     URL: /uploads/images/editor/xay-dung-chien-luoc-kinh-doanh-2.png
[09:04:12] [9] Click Đồng ý...
[09:04:13]     OK: ảnh đã được chèn vào CKEditor
[09:04:13] [13] Lấy và gom HTML trực tiếp trong CKEditor...
[09:04:13]     OK: đã gom HTML bằng Python
[09:04:13]     HTML trước : 15283 ký tự
[09:04:13]     HTML sau   : 8805 ký tự
[09:04:13]     Số ảnh     : 1
[09:04:13]     Số H2/H3   : 9/6
[09:04:13] [14] Kiểm tra bảo hiểm ngay trước khi Save...
[09:04:13]     OK: Title, H1, Keyword, Danh mục, ảnh, H2 và bullet đều hợp lệ.
[09:04:13] [14] Click nút lưu bài...

[09:04:13] ------------------------------------------------------------------------
[09:04:13] Dòng Excel     : 182
[09:04:13] File Word      : D:\baivietlamviec\dangbai\congdongkinhdoanh.com\[06] 10.08.2026\phân tích SWOT.docx
[09:04:13] URL CMS        : https://congdongkinhdoanh.com/admin/news_tb/field/root_id=999
[09:04:13] Ảnh đại diện   : D:\baivietlamviec\dangbai\congdongkinhdoanh.com\[06] 10.08.2026\phân tích SWOT 1.png
[09:04:13] Ảnh bài viết   : D:\baivietlamviec\dangbai\congdongkinhdoanh.com\[06] 10.08.2026\phân tích SWOT 2.png
[09:04:13] ------------------------------------------------------------------------
[09:04:13]     Đang chờ lượt mở CMS/đăng nhập (không cho nhiều worker vào website cùng lúc)...

[09:04:13] ------------------------------------------------------------------------
[09:04:13] Dòng Excel     : 1087
[09:04:13] File Word      : D:\CodexProjects\Hotkeyvip\07_ket_qua\bai_viet\kythuatmarketing.com\SWOT marketing.docx
[09:04:13] URL CMS        : https://kythuatmarketing.com/admin/news_tb/field/root_id=999
[09:04:13] Ảnh đại diện   : D:\CodexProjects\Hotkeyvip\07_ket_qua\bai_viet\kythuatmarketing.com\SWOT marketing 1.png
[09:04:13] Ảnh bài viết   : D:\CodexProjects\Hotkeyvip\07_ket_qua\bai_viet\kythuatmarketing.com\SWOT marketing 2.png
[09:04:13] ------------------------------------------------------------------------
[09:04:13]     Đang chờ lượt mở CMS/đăng nhập (không cho nhiều worker vào website cùng lúc)...
[09:04:13]     Phát hiện trang đăng nhập → tự nhập ID và mật khẩu...
[09:04:14]     Đã nhập đủ ID/mật khẩu → click ĐĂNG NHẬP một lần.
[09:04:16]     OK: đã chuyển sang URL sau khi lưu: https://congdongkinhdoanh.com/admin/news_tb/list/root_id=999
[09:04:16]     Không thấy đúng một URL công khai chắc chắn trong hàng bài → để trống URL đã đăng.
[09:04:16]     ID CMS vừa đăng: 4112

[09:04:16] ========================================================================
[09:04:16] ĐÃ LƯU XONG BÀI 1/23
[09:04:16] - Dòng Excel: 181
[09:04:16] - HTML trước/sau: 15283/8805 ký tự
[09:04:16] - URL CMS sau khi lưu: https://congdongkinhdoanh.com/admin/news_tb/list/root_id=999
[09:04:16] ========================================================================
[09:04:16]     Đăng nhập thành công, đã vào đúng trang đăng bài.
[09:04:16]     DANH_MUC_ID đã có: congdongkinhdoanh.com | Kinh doanh | ID 1
[09:04:17] [OK] Worker 3 xong dòng 181 | 1/23
[09:04:18] [GIAO] Worker 3 <- dòng 184 | congdongkinhdoanh.com | bài kế tiếp sau 1.4s

[09:04:18] [WORKER 3] BẮT ĐẦU DÒNG 184

[09:04:18] ========================================================================
[09:04:18] BẮT ĐẦU BÀI 4/23
[09:04:18] ========================================================================
[09:04:18] [3] Điền 5 ô đầu...
[09:04:18]     Đã đến lượt worker mở CMS/đăng nhập.

[09:04:19] ------------------------------------------------------------------------
[09:04:19] Dòng Excel     : 183
[09:04:19] File Word      : D:\baivietlamviec\dangbai\congdongkinhdoanh.com\[06] 10.08.2026\phân tích PESTEL.docx
[09:04:19] URL CMS        : https://congdongkinhdoanh.com/admin/news_tb/field/root_id=999
[09:04:19] Ảnh đại diện   : D:\baivietlamviec\dangbai\congdongkinhdoanh.com\[06] 10.08.2026\phân tích PESTEL 1.png
[09:04:19] Ảnh bài viết   : D:\baivietlamviec\dangbai\congdongkinhdoanh.com\[06] 10.08.2026\phân tích PESTEL 2.png
[09:04:19] ------------------------------------------------------------------------
[09:04:19]     Đang chờ lượt mở CMS/đăng nhập (không cho nhiều worker vào website cùng lúc)...
[09:04:19] [6] Chọn Danh mục / Tác giả từ dữ liệu đã chốt...
[09:04:20] Đã mở Select2 Danh mục.
[09:04:20]     Phát hiện trang đăng nhập → tự nhập ID và mật khẩu...
[09:04:20] Đã chọn Danh mục: Kinh doanh
[09:04:20]     Đã nhập đủ ID/mật khẩu → click ĐĂNG NHẬP một lần.
[09:04:20] [1] Đã chọn dòng 184: 5 áp lực cạnh tranh Porter
[09:04:20]     Word chạy nền, không hiện cửa sổ.
[09:04:20]     File: D:\baivietlamviec\dangbai\congdongkinhdoanh.com\[06] 10.08.2026\5 áp lực cạnh tranh Porter.docx
[09:04:20]     Dòng Excel được truyền trực tiếp: 184

[09:04:20] Đối chiếu tài nguyên đăng bài:
[09:04:20] - File Word     : D:\baivietlamviec\dangbai\congdongkinhdoanh.com\[06] 10.08.2026\5 áp lực cạnh tranh Porter.docx
[09:04:20] - Tên gốc Word : 5 áp lực cạnh tranh Porter
[09:04:20] - Ảnh đại diện : D:\baivietlamviec\dangbai\congdongkinhdoanh.com\[06] 10.08.2026\5 áp lực cạnh tranh Porter 1.png
[09:04:20] - Ảnh bài viết : D:\baivietlamviec\dangbai\congdongkinhdoanh.com\[06] 10.08.2026\5 áp lực cạnh tranh Porter 2.png
[09:04:21] Đã tải xong ô Select2 Tác giả.
[09:04:21] Đã random Tác giả từ CMS: Lý Hữu Minh

[09:04:21] Kết quả Danh mục/Tác giả:
[09:04:21] - Trạng thái: OK
[09:04:21] - Danh mục  : Kinh doanh
[09:04:21] - Tác giả   : Lý Hữu Minh
[09:04:21] [4] Đưa Edge lên trước và focus CKEditor detail...
[09:04:22]     Đăng nhập thành công, đã vào đúng trang đăng bài.
[09:04:22] [5] Đưa HTML Word vào CKEditor detail...
[09:04:22] Đã nạp CKEditor, độ dài HTML: 31048
[09:04:23] Đã tìm thấy phần FAQ → chỉ lấy nội dung chính trước FAQ.
[09:04:23] Đã lấy HTML trực tiếp từ Clipboard Word, độ dài: 39292 ký tự.
[09:04:23] [7] Tạo đủ block và dán FAQ một lượt...
[09:04:24] Đã đọc được 4 cặp FAQ hợp lệ từ Word.
[09:04:24] Đã tạo đủ 4 block FAQ.
[09:04:24] Đã dán một lượt 4 cặp FAQ.

[09:04:24] Kết quả FAQ:
[09:04:24] - Trạng thái: OK
[09:04:24] - Số cặp    : 4
[09:04:24] [3] Upload ảnh đại diện...
[09:04:24]     OK: đã gửi ảnh đại diện
[09:04:24] [4] Mở popup ảnh CKEditor...
[09:04:25]     Đã đến lượt worker mở CMS/đăng nhập.[3] Điền 5 ô đầu...

[09:04:25] [5] Click tab Tải lên...
[09:04:25] [6] Chọn Danh mục / Tác giả từ dữ liệu đã chốt...
[09:04:25] [6] Chọn ảnh bài viết...
[09:04:25]     D:\CodexProjects\Hotkeyvip\07_ket_qua\bai_viet\[02] 30.07.2026\chân dung khách hàng B2B 2.png
[09:04:25]     OK: đã chọn file trong popup
[09:04:25] [7] Click Tải lên máy chủ...
[09:04:26] [8] Chờ server trả URL ảnh...
[09:04:26] Đã mở Select2 Danh mục.
[09:04:26]     Phát hiện trang đăng nhập → tự nhập ID và mật khẩu...
[09:04:26] Đã chọn Danh mục: Kinh doanh
[09:04:26]     Đã nhập đủ ID/mật khẩu → click ĐĂNG NHẬP một lần.
[09:04:26]     URL: /uploads/images/editor/chan-dung-khach-hang-b2b-2.png
[09:04:26] [9] Click Đồng ý...
[09:04:27]     OK: ảnh đã được chèn vào CKEditor
[09:04:27] [13] Lấy và gom HTML trực tiếp trong CKEditor...
[09:04:27]     OK: đã gom HTML bằng Python
[09:04:27]     HTML trước : 31201 ký tự
[09:04:27]     HTML sau   : 19402 ký tự
[09:04:27]     Số ảnh     : 1
[09:04:27]     Số H2/H3   : 6/15
[09:04:27] [14] Kiểm tra bảo hiểm ngay trước khi Save...
[09:04:27]     OK: Title, H1, Keyword, Danh mục, ảnh, H2 và bullet đều hợp lệ.
[09:04:27] [14] Click nút lưu bài...
[09:04:27] Đã tải xong ô Select2 Tác giả.
[09:04:27] Đã random Tác giả từ CMS: Bùi Đức Nhật

[09:04:27] Kết quả Danh mục/Tác giả:
[09:04:27] - Trạng thái: OK
[09:04:27] - Danh mục  : Kinh doanh
[09:04:27] - Tác giả   : Bùi Đức Nhật
[09:04:27] [4] Đưa Edge lên trước và focus CKEditor detail...
[09:04:28]     Đăng nhập thành công, đã vào đúng trang đăng bài.
[09:04:28] [5] Đưa HTML Word vào CKEditor detail...
[09:04:28] Đã nạp CKEditor, độ dài HTML: 14943
[09:04:29]     OK: đã chuyển sang URL sau khi lưu: https://doanhnhanduongthoi.com/admin/news_tb/list/root_id=999
[09:04:29]     Không thấy đúng một URL công khai chắc chắn trong hàng bài → để trống URL đã đăng.
[09:04:29]     ID CMS vừa đăng: 5126

[09:04:29] ========================================================================
[09:04:29] ĐÃ LƯU XONG BÀI 9/23
[09:04:29] - Dòng Excel: 314
[09:04:29] - HTML trước/sau: 31201/19402 ký tự
[09:04:29] - URL CMS sau khi lưu: https://doanhnhanduongthoi.com/admin/news_tb/list/root_id=999
[09:04:29] ========================================================================
[09:04:29]     DANH_MUC_ID đã có: doanhnhanduongthoi.com | Kinh doanh | ID 91
[09:04:29] [7] Tạo đủ block và dán FAQ một lượt...
[09:04:30] [OK] Worker 5 xong dòng 314 | 2/23
[09:04:30] [3] Điền 5 ô đầu...
[09:04:30]     Đã đến lượt worker mở CMS/đăng nhập.
[09:04:30] [GIAO] Worker 5 <- dòng 315 | doanhnhanduongthoi.com | bài kế tiếp sau 1.9s

[09:04:30] [WORKER 5] BẮT ĐẦU DÒNG 315

[09:04:30] ========================================================================
[09:04:30] BẮT ĐẦU BÀI 10/23
[09:04:30] ========================================================================
[09:04:30] Đã tạo đủ 3 block FAQ.
[09:04:30] Đã dán một lượt 3 cặp FAQ.

[09:04:30] Kết quả FAQ:
[09:04:30] - Trạng thái: OK
[09:04:30] - Số cặp    : 3
[09:04:30] [3] Upload ảnh đại diện...
[09:04:31]     OK: đã gửi ảnh đại diện
[09:04:31] [4] Mở popup ảnh CKEditor...
[09:04:31] [6] Chọn Danh mục / Tác giả từ dữ liệu đã chốt...
[09:04:31] [5] Click tab Tải lên...
[09:04:31] Đã mở Select2 Danh mục.
[09:04:31] [6] Chọn ảnh bài viết...
[09:04:31]     D:\baivietlamviec\dangbai\congdongkinhdoanh.com\[06] 10.08.2026\phân tích SWOT 2.png
[09:04:31]     OK: đã chọn file trong popup
[09:04:31] [7] Click Tải lên máy chủ...
[09:04:32] Đã chọn Danh mục: Doanh nghiệp
[09:04:32]     Đã ở đúng trang đăng bài, không cần đăng nhập.
[09:04:32] [8] Chờ server trả URL ảnh...
[09:04:32]     URL: /uploads/images/editor/phan-tich-swot-2.png
[09:04:32] [9] Click Đồng ý...
[09:04:33] Đã tải xong ô Select2 Tác giả.
[09:04:33]     OK: ảnh đã được chèn vào CKEditor
[09:04:33] [13] Lấy và gom HTML trực tiếp trong CKEditor...
[09:04:33]     OK: đã gom HTML bằng Python
[09:04:33]     HTML trước : 15103 ký tự
[09:04:33]     HTML sau   : 8594 ký tự
[09:04:33]     Số ảnh     : 1
[09:04:33]     Số H2/H3   : 5/8
[09:04:33] [14] Kiểm tra bảo hiểm ngay trước khi Save...
[09:04:33]     OK: Title, H1, Keyword, Danh mục, ảnh, H2 và bullet đều hợp lệ.
[09:04:33] [14] Click nút lưu bài...
[09:04:33] [1] Đã chọn dòng 315: xác định vấn đề của khách hàng
[09:04:33]     Word chạy nền, không hiện cửa sổ.
[09:04:33]     File: D:\CodexProjects\Hotkeyvip\07_ket_qua\bai_viet\[02] 30.07.2026\xác định vấn đề của khách hàng.docx
[09:04:33]     Dòng Excel được truyền trực tiếp: 315

[09:04:33] Đối chiếu tài nguyên đăng bài:
[09:04:33] - File Word     : D:\CodexProjects\Hotkeyvip\07_ket_qua\bai_viet\[02] 30.07.2026\xác định vấn đề của khách hàng.docx
[09:04:33] - Tên gốc Word : xác định vấn đề của khách hàng
[09:04:33] - Ảnh đại diện : D:\CodexProjects\Hotkeyvip\07_ket_qua\bai_viet\[02] 30.07.2026\xác định vấn đề của khách hàng 1.png
[09:04:33] - Ảnh bài viết : D:\CodexProjects\Hotkeyvip\07_ket_qua\bai_viet\[02] 30.07.2026\xác định vấn đề của khách hàng 2.png

[09:04:33] ------------------------------------------------------------------------
[09:04:33] Dòng Excel     : 184
[09:04:33] File Word      : D:\baivietlamviec\dangbai\congdongkinhdoanh.com\[06] 10.08.2026\5 áp lực cạnh tranh Porter.docx
[09:04:33] URL CMS        : https://congdongkinhdoanh.com/admin/news_tb/field/root_id=999
[09:04:33] Ảnh đại diện   : D:\baivietlamviec\dangbai\congdongkinhdoanh.com\[06] 10.08.2026\5 áp lực cạnh tranh Porter 1.png
[09:04:33] Ảnh bài viết   : D:\baivietlamviec\dangbai\congdongkinhdoanh.com\[06] 10.08.2026\5 áp lực cạnh tranh Porter 2.png
[09:04:33] ------------------------------------------------------------------------
[09:04:33]     Đang chờ lượt mở CMS/đăng nhập (không cho nhiều worker vào website cùng lúc)...
[09:04:33] Đã random Tác giả từ CMS: Châu Khánh Ngọc Lan

[09:04:33] Kết quả Danh mục/Tác giả:
[09:04:33] - Trạng thái: OK
[09:04:33] - Danh mục  : Doanh nghiệp
[09:04:33] - Tác giả   : Châu Khánh Ngọc Lan
[09:04:33] [4] Đưa Edge lên trước và focus CKEditor detail...
[09:04:34] [3] Điền 5 ô đầu...    Đã đến lượt worker mở CMS/đăng nhập.

[09:04:34] [5] Đưa HTML Word vào CKEditor detail...
[09:04:34] Đã nạp CKEditor, độ dài HTML: 34800
[09:04:34]     Đã ở đúng trang đăng bài, không cần đăng nhập.
[09:04:35] Đã tìm thấy phần FAQ → chỉ lấy nội dung chính trước FAQ.
[09:04:35] [6] Chọn Danh mục / Tác giả từ dữ liệu đã chốt...
[09:04:35] Đã lấy HTML trực tiếp từ Clipboard Word, độ dài: 22544 ký tự.
[09:04:35] Đã mở Select2 Danh mục.
[09:04:35] Đã đọc được 3 cặp FAQ hợp lệ từ Word.
[09:04:35] Đã chọn Danh mục: Kinh doanh
[09:04:35]     OK: đã chuyển sang URL sau khi lưu: https://congdongkinhdoanh.com/admin/news_tb/list/root_id=999
[09:04:35]     Không thấy đúng một URL công khai chắc chắn trong hàng bài → để trống URL đã đăng.
[09:04:35]     ID CMS vừa đăng: 4113

[09:04:35] ========================================================================
[09:04:35] ĐÃ LƯU XONG BÀI 2/23
[09:04:35] - Dòng Excel: 182
[09:04:35] - HTML trước/sau: 15103/8594 ký tự
[09:04:35] - URL CMS sau khi lưu: https://congdongkinhdoanh.com/admin/news_tb/list/root_id=999
[09:04:35] ========================================================================
[09:04:35] [7] Tạo đủ block và dán FAQ một lượt...
[09:04:36]     DANH_MUC_ID đã có: congdongkinhdoanh.com | Kinh doanh | ID 1
[09:04:36] Đã tạo đủ 5 block FAQ.
[09:04:36] Đã dán một lượt 5 cặp FAQ.

[09:04:36] Kết quả FAQ:
[09:04:36] - Trạng thái: OK
[09:04:36] - Số cặp    : 5
[09:04:36] [3] Upload ảnh đại diện...
[09:04:36]     OK: đã gửi ảnh đại diện
[09:04:36] [4] Mở popup ảnh CKEditor...
[09:04:36] Đã tải xong ô Select2 Tác giả.
[09:04:36] [OK] Worker 2 xong dòng 182 | 3/23
[09:04:37] [5] Click tab Tải lên...
[09:04:37] Đã random Tác giả từ CMS: Lý Hải Nam

[09:04:37] Kết quả Danh mục/Tác giả:
[09:04:37] - Trạng thái: OK
[09:04:37] - Danh mục  : Kinh doanh
[09:04:37] - Tác giả   : Lý Hải Nam
[09:04:37] [4] Đưa Edge lên trước và focus CKEditor detail...
[09:04:37] [6] Chọn ảnh bài viết...
[09:04:37]     D:\CodexProjects\Hotkeyvip\07_ket_qua\bai_viet\kythuatmarketing.com\SWOT marketing 2.png
[09:04:37] [GIAO] Worker 2 <- dòng 185 | congdongkinhdoanh.com | bài kế tiếp sau 1.4s

[09:04:37] [WORKER 2] BẮT ĐẦU DÒNG 185

[09:04:37] ========================================================================
[09:04:37] BẮT ĐẦU BÀI 5/23
[09:04:37] ========================================================================
[09:04:37] [3] Điền 5 ô đầu...
[09:04:37]     OK: đã chọn file trong popup
[09:04:37] [7] Click Tải lên máy chủ...
[09:04:37] [8] Chờ server trả URL ảnh...
[09:04:38] [6] Chọn Danh mục / Tác giả từ dữ liệu đã chốt...
[09:04:38]     URL: /uploads/images/editor/swot-marketing-2.png
[09:04:38] [9] Click Đồng ý...
[09:04:38] [5] Đưa HTML Word vào CKEditor detail...
[09:04:38] Đã nạp CKEditor, độ dài HTML: 19817
[09:04:38] Đã mở Select2 Danh mục.
[09:04:38]     OK: ảnh đã được chèn vào CKEditor
[09:04:38] [13] Lấy và gom HTML trực tiếp trong CKEditor...
[09:04:38] Đã chọn Danh mục: Kinh doanh
[09:04:38]     OK: đã gom HTML bằng Python
[09:04:38]     HTML trước : 34962 ký tự
[09:04:38]     HTML sau   : 25025 ký tự
[09:04:38]     Số ảnh     : 1
[09:04:38]     Số H2/H3   : 7/9
[09:04:38] [14] Kiểm tra bảo hiểm ngay trước khi Save...
[09:04:38]     OK: Title, H1, Keyword, Danh mục, ảnh, H2 và bullet đều hợp lệ.
[09:04:38] [14] Click nút lưu bài...
[09:04:39] [7] Tạo đủ block và dán FAQ một lượt...
[09:04:39] Đã tải xong ô Select2 Tác giả.
[09:04:40] Đã random Tác giả từ CMS: Bùi Đức Nhật

[09:04:40] Kết quả Danh mục/Tác giả:
[09:04:40] - Trạng thái: OK
[09:04:40] - Danh mục  : Kinh doanh
[09:04:40] - Tác giả   : Bùi Đức Nhật
[09:04:40] [4] Đưa Edge lên trước và focus CKEditor detail...
[09:04:40] [1] Đã chọn dòng 185: lợi thế cạnh tranh
[09:04:40]     Word chạy nền, không hiện cửa sổ.
[09:04:40]     File: D:\baivietlamviec\dangbai\congdongkinhdoanh.com\[06] 10.08.2026\lợi thế cạnh tranh.docx
[09:04:40]     Dòng Excel được truyền trực tiếp: 185

[09:04:40] Đối chiếu tài nguyên đăng bài:
[09:04:40] - File Word     : D:\baivietlamviec\dangbai\congdongkinhdoanh.com\[06] 10.08.2026\lợi thế cạnh tranh.docx
[09:04:40] - Tên gốc Word : lợi thế cạnh tranh
[09:04:40] - Ảnh đại diện : D:\baivietlamviec\dangbai\congdongkinhdoanh.com\[06] 10.08.2026\lợi thế cạnh tranh 1.png
[09:04:40] - Ảnh bài viết : D:\baivietlamviec\dangbai\congdongkinhdoanh.com\[06] 10.08.2026\lợi thế cạnh tranh 2.png
[09:04:40] Đã tạo đủ 3 block FAQ.
[09:04:40] Đã dán một lượt 3 cặp FAQ.

[09:04:40] Kết quả FAQ:
[09:04:40] - Trạng thái: OK
[09:04:40] - Số cặp    : 3
[09:04:40] [3] Upload ảnh đại diện...
[09:04:40]     OK: đã gửi ảnh đại diện
[09:04:40] [4] Mở popup ảnh CKEditor...
[09:04:41] [5] Đưa HTML Word vào CKEditor detail...
[09:04:41] [5] Click tab Tải lên...
[09:04:41] Đã nạp CKEditor, độ dài HTML: 16689
[09:04:41]     OK: đã chuyển sang URL sau khi lưu: https://kythuatmarketing.com/admin/news_tb/list/root_id=999
[09:04:41]     Không thấy đúng một URL công khai chắc chắn trong hàng bài → để trống URL đã đăng.
[09:04:41]     ID CMS vừa đăng: 3208

[09:04:41] ========================================================================
[09:04:41] ĐÃ LƯU XONG BÀI 14/23
[09:04:41] - Dòng Excel: 1087
[09:04:41] - HTML trước/sau: 34962/25025 ký tự
[09:04:41] - URL CMS sau khi lưu: https://kythuatmarketing.com/admin/news_tb/list/root_id=999
[09:04:41] ========================================================================
[09:04:41] [6] Chọn ảnh bài viết...
[09:04:41]     D:\baivietlamviec\dangbai\congdongkinhdoanh.com\[06] 10.08.2026\phân tích PESTEL 2.png
[09:04:41]     OK: đã chọn file trong popup
[09:04:41] [7] Click Tải lên máy chủ...

[09:04:41] ------------------------------------------------------------------------
[09:04:41] Dòng Excel     : 315
[09:04:41] File Word      : D:\CodexProjects\Hotkeyvip\07_ket_qua\bai_viet\[02] 30.07.2026\xác định vấn đề của khách hàng.docx
[09:04:41] URL CMS        : https://doanhnhanduongthoi.com/admin/news_tb/field/root_id=999
[09:04:41] Ảnh đại diện   : D:\CodexProjects\Hotkeyvip\07_ket_qua\bai_viet\[02] 30.07.2026\xác định vấn đề của khách hàng 1.png
[09:04:41] Ảnh bài viết   : D:\CodexProjects\Hotkeyvip\07_ket_qua\bai_viet\[02] 30.07.2026\xác định vấn đề của khách hàng 2.png
[09:04:41] ------------------------------------------------------------------------
[09:04:41]     Đang chờ lượt mở CMS/đăng nhập (không cho nhiều worker vào website cùng lúc)...
[09:04:41]     Đã đến lượt worker mở CMS/đăng nhập.
[09:04:41] [8] Chờ server trả URL ảnh...
[09:04:41]     Đã ở đúng trang đăng bài, không cần đăng nhập.
[09:04:42] [7] Tạo đủ block và dán FAQ một lượt...
[09:04:42] Đã tìm thấy phần FAQ → chỉ lấy nội dung chính trước FAQ.
[09:04:42]     URL: /uploads/images/editor/phan-tich-pestel-2.png
[09:04:42] [9] Click Đồng ý...
[09:04:42] Đã lấy HTML trực tiếp từ Clipboard Word, độ dài: 29854 ký tự.
[09:04:42]     OK: ảnh đã được chèn vào CKEditor
[09:04:42] [13] Lấy và gom HTML trực tiếp trong CKEditor...
[09:04:42]     OK: đã gom HTML bằng Python
[09:04:42]     HTML trước : 19970 ký tự
[09:04:42]     HTML sau   : 10779 ký tự
[09:04:42]     Số ảnh     : 1
[09:04:42]     Số H2/H3   : 12/8
[09:04:42] [14] Kiểm tra bảo hiểm ngay trước khi Save...
[09:04:42]     OK: Title, H1, Keyword, Danh mục, ảnh, H2 và bullet đều hợp lệ.
[09:04:42] [14] Click nút lưu bài...
[09:04:42] Đã đọc được 3 cặp FAQ hợp lệ từ Word.
[09:04:42]     DANH_MUC_ID đã có: kythuatmarketing.com | Doanh nghiệp | ID 6
[09:04:43] Đã tạo đủ 4 block FAQ.
[09:04:43] Đã dán một lượt 4 cặp FAQ.

[09:04:43] Kết quả FAQ:
[09:04:43] - Trạng thái: OK
[09:04:43] - Số cặp    : 4
[09:04:43] [3] Upload ảnh đại diện...
[09:04:43]     OK: đã gửi ảnh đại diện
[09:04:43] [4] Mở popup ảnh CKEditor...
[09:04:43] [OK] Worker 4 xong dòng 1087 | 4/23
[09:04:43] [GIAO] Worker 4 <- dòng 1088 | kythuatmarketing.com | bài kế tiếp sau 1.6s

[09:04:43] [WORKER 4] BẮT ĐẦU DÒNG 1088

[09:04:43] ========================================================================
[09:04:43] BẮT ĐẦU BÀI 15/23
[09:04:43] ========================================================================
[09:04:43] [5] Click tab Tải lên...
[09:04:44] [3] Điền 5 ô đầu...
[09:04:44] [6] Chọn ảnh bài viết...
[09:04:44]     D:\baivietlamviec\dangbai\congdongkinhdoanh.com\[06] 10.08.2026\5 áp lực cạnh tranh Porter 2.png
[09:04:44]     OK: đã chọn file trong popup
[09:04:44] [7] Click Tải lên máy chủ...
[09:04:44] [8] Chờ server trả URL ảnh...
[09:04:44] [6] Chọn Danh mục / Tác giả từ dữ liệu đã chốt...
[09:04:45]     URL: /uploads/images/editor/5-ap-luc-canh-tranh-porter-2.png
[09:04:45] [9] Click Đồng ý...
[09:04:45] Đã mở Select2 Danh mục.
[09:04:45] Đã chọn Danh mục: Kinh doanh
[09:04:45]     OK: ảnh đã được chèn vào CKEditor
[09:04:45] [13] Lấy và gom HTML trực tiếp trong CKEditor...
[09:04:45]     OK: đã gom HTML bằng Python
[09:04:45]     HTML trước : 16849 ký tự
[09:04:45]     HTML sau   : 8676 ký tự
[09:04:45]     Số ảnh     : 1
[09:04:45]     Số H2/H3   : 9/2
[09:04:45] [14] Kiểm tra bảo hiểm ngay trước khi Save...
[09:04:45]     OK: Title, H1, Keyword, Danh mục, ảnh, H2 và bullet đều hợp lệ.
[09:04:45] [14] Click nút lưu bài...
[09:04:45]     OK: đã chuyển sang URL sau khi lưu: https://congdongkinhdoanh.com/admin/news_tb/list/root_id=999
[09:04:45]     Không thấy đúng một URL công khai chắc chắn trong hàng bài → để trống URL đã đăng.
[09:04:45]     ID CMS vừa đăng: 4114

[09:04:45] ========================================================================
[09:04:45] ĐÃ LƯU XONG BÀI 3/23
[09:04:45] - Dòng Excel: 183
[09:04:45] - HTML trước/sau: 19970/10779 ký tự
[09:04:45] - URL CMS sau khi lưu: https://congdongkinhdoanh.com/admin/news_tb/list/root_id=999
[09:04:45] ========================================================================
[09:04:45]     DANH_MUC_ID đã có: congdongkinhdoanh.com | Kinh doanh | ID 1
[09:04:46] Đã tải xong ô Select2 Tác giả.
[09:04:46] [1] Đã chọn dòng 1088: PESTEL marketing
[09:04:46]     Word chạy nền, không hiện cửa sổ.
[09:04:46]     File: D:\CodexProjects\Hotkeyvip\07_ket_qua\bai_viet\kythuatmarketing.com\PESTEL marketing.docx
[09:04:46]     Dòng Excel được truyền trực tiếp: 1088

[09:04:46] Đối chiếu tài nguyên đăng bài:
[09:04:46] - File Word     : D:\CodexProjects\Hotkeyvip\07_ket_qua\bai_viet\kythuatmarketing.com\PESTEL marketing.docx
[09:04:46] - Tên gốc Word : PESTEL marketing
[09:04:46] - Ảnh đại diện : D:\CodexProjects\Hotkeyvip\07_ket_qua\bai_viet\kythuatmarketing.com\PESTEL marketing 1.png
[09:04:46] - Ảnh bài viết : D:\CodexProjects\Hotkeyvip\07_ket_qua\bai_viet\kythuatmarketing.com\PESTEL marketing 2.png
[09:04:46] [OK] Worker 1 xong dòng 183 | 5/23
[09:04:46] Đã random Tác giả từ CMS: Lý Hữu Minh

[09:04:46] Kết quả Danh mục/Tác giả:
[09:04:46] - Trạng thái: OK
[09:04:46] - Danh mục  : Kinh doanh
[09:04:46] - Tác giả   : Lý Hữu Minh
[09:04:46] [4] Đưa Edge lên trước và focus CKEditor detail...
[09:04:47] [GIAO] Worker 1 <- dòng 186 | congdongkinhdoanh.com | bài kế tiếp sau 1.4s

[09:04:47] [WORKER 1] BẮT ĐẦU DÒNG 186

[09:04:47] ========================================================================
[09:04:47] BẮT ĐẦU BÀI 6/23
[09:04:47] ========================================================================
[09:04:47] [5] Đưa HTML Word vào CKEditor detail...
[09:04:47] Đã nạp CKEditor, độ dài HTML: 13948
[09:04:48]     OK: đã chuyển sang URL sau khi lưu: https://congdongkinhdoanh.com/admin/news_tb/list/root_id=999
[09:04:48]     Không thấy đúng một URL công khai chắc chắn trong hàng bài → để trống URL đã đăng.
[09:04:48]     ID CMS vừa đăng: 4115

[09:04:48] ========================================================================
[09:04:48] ĐÃ LƯU XONG BÀI 4/23
[09:04:48] - Dòng Excel: 184
[09:04:48] - HTML trước/sau: 16849/8676 ký tự
[09:04:48] - URL CMS sau khi lưu: https://congdongkinhdoanh.com/admin/news_tb/list/root_id=999
[09:04:48] ========================================================================
[09:04:48]     DANH_MUC_ID đã có: congdongkinhdoanh.com | Kinh doanh | ID 1
[09:04:48] [7] Tạo đủ block và dán FAQ một lượt...
[09:04:49] Đã tìm thấy phần FAQ → chỉ lấy nội dung chính trước FAQ.
[09:04:49] Đã lấy HTML trực tiếp từ Clipboard Word, độ dài: 49259 ký tự.
[09:04:49] [OK] Worker 3 xong dòng 184 | 6/23

[09:04:49] ------------------------------------------------------------------------
[09:04:49] Dòng Excel     : 185
[09:04:49] File Word      : D:\baivietlamviec\dangbai\congdongkinhdoanh.com\[06] 10.08.2026\lợi thế cạnh tranh.docx
[09:04:49] URL CMS        : https://congdongkinhdoanh.com/admin/news_tb/field/root_id=999
[09:04:49] Ảnh đại diện   : D:\baivietlamviec\dangbai\congdongkinhdoanh.com\[06] 10.08.2026\lợi thế cạnh tranh 1.png
[09:04:49] Ảnh bài viết   : D:\baivietlamviec\dangbai\congdongkinhdoanh.com\[06] 10.08.2026\lợi thế cạnh tranh 2.png
[09:04:49] ------------------------------------------------------------------------
[09:04:49]     Đang chờ lượt mở CMS/đăng nhập (không cho nhiều worker vào website cùng lúc)...
[09:04:49]     Đã đến lượt worker mở CMS/đăng nhập.
[09:04:49] Đã tạo đủ 3 block FAQ.
[09:04:49] Đã dán một lượt 3 cặp FAQ.

[09:04:49] Kết quả FAQ:
[09:04:49] - Trạng thái: OK
[09:04:49] - Số cặp    : 3
[09:04:49] [3] Upload ảnh đại diện...
[09:04:49] [1] Đã chọn dòng 186: chiến lược đại dương xanh
[09:04:49]     Word chạy nền, không hiện cửa sổ.
[09:04:49]     File: D:\baivietlamviec\dangbai\congdongkinhdoanh.com\[06] 10.08.2026\chiến lược đại dương xanh.docx
[09:04:49]     Dòng Excel được truyền trực tiếp: 186

[09:04:49] Đối chiếu tài nguyên đăng bài:
[09:04:49] - File Word     : D:\baivietlamviec\dangbai\congdongkinhdoanh.com\[06] 10.08.2026\chiến lược đại dương xanh.docx
[09:04:49] - Tên gốc Word : chiến lược đại dương xanh
[09:04:49] - Ảnh đại diện : D:\baivietlamviec\dangbai\congdongkinhdoanh.com\[06] 10.08.2026\chiến lược đại dương xanh 1.png
[09:04:49] - Ảnh bài viết : D:\baivietlamviec\dangbai\congdongkinhdoanh.com\[06] 10.08.2026\chiến lược đại dương xanh 2.png
[09:04:49]     OK: đã gửi ảnh đại diện
[09:04:49] [4] Mở popup ảnh CKEditor...
[09:04:49]     Đã ở đúng trang đăng bài, không cần đăng nhập.
[09:04:50] [GIAO] Worker 3 <- dòng 187 | congdongkinhdoanh.com | bài kế tiếp sau 1.8s

[09:04:50] [WORKER 3] BẮT ĐẦU DÒNG 187

[09:04:50] ========================================================================
[09:04:50] BẮT ĐẦU BÀI 7/23
[09:04:50] ========================================================================
[09:04:50] Đã đọc được 4 cặp FAQ hợp lệ từ Word.
[09:04:50] [5] Click tab Tải lên...
[09:04:50] [6] Chọn ảnh bài viết...
[09:04:50]     D:\CodexProjects\Hotkeyvip\07_ket_qua\bai_viet\[02] 30.07.2026\xác định vấn đề của khách hàng 2.png
[09:04:50]     OK: đã chọn file trong popup
[09:04:50] [7] Click Tải lên máy chủ...
[09:04:51] [8] Chờ server trả URL ảnh...
[09:04:51]     URL: /uploads/images/editor/xac-dinh-van-de-cua-khach-hang-2.png
[09:04:51] [9] Click Đồng ý...
[09:04:51] Đã tìm thấy phần FAQ → chỉ lấy nội dung chính trước FAQ.
[09:04:51]     OK: ảnh đã được chèn vào CKEditor
[09:04:51] [13] Lấy và gom HTML trực tiếp trong CKEditor...
[09:04:51]     OK: đã gom HTML bằng Python
[09:04:51]     HTML trước : 14111 ký tự
[09:04:51]     HTML sau   : 9302 ký tự
[09:04:51]     Số ảnh     : 1
[09:04:51]     Số H2/H3   : 6/8
[09:04:51] [14] Kiểm tra bảo hiểm ngay trước khi Save...
[09:04:51]     OK: Title, H1, Keyword, Danh mục, ảnh, H2 và bullet đều hợp lệ.
[09:04:51] [14] Click nút lưu bài...
[09:04:52] Đã lấy HTML trực tiếp từ Clipboard Word, độ dài: 30647 ký tự.
[09:04:52] [3] Điền 5 ô đầu...
[09:04:52] Đã đọc được 3 cặp FAQ hợp lệ từ Word.
[09:04:52] [1] Đã chọn dòng 187: thị trường ngách
[09:04:52]     Word chạy nền, không hiện cửa sổ.
[09:04:52]     File: D:\baivietlamviec\dangbai\congdongkinhdoanh.com\[06] 10.08.2026\thị trường ngách.docx
[09:04:52]     Dòng Excel được truyền trực tiếp: 187

[09:04:52] Đối chiếu tài nguyên đăng bài:
[09:04:52] - File Word     : D:\baivietlamviec\dangbai\congdongkinhdoanh.com\[06] 10.08.2026\thị trường ngách.docx
[09:04:52] - Tên gốc Word : thị trường ngách
[09:04:52] - Ảnh đại diện : D:\baivietlamviec\dangbai\congdongkinhdoanh.com\[06] 10.08.2026\thị trường ngách 1.png
[09:04:52] - Ảnh bài viết : D:\baivietlamviec\dangbai\congdongkinhdoanh.com\[06] 10.08.2026\thị trường ngách 2.png
[09:04:52] [6] Chọn Danh mục / Tác giả từ dữ liệu đã chốt...
[09:04:53] Đã mở Select2 Danh mục.
[09:04:53] Đã chọn Danh mục: Kinh doanh
[09:04:54]     OK: đã chuyển sang URL sau khi lưu: https://doanhnhanduongthoi.com/admin/news_tb/list/root_id=999
[09:04:54]     Không thấy đúng một URL công khai chắc chắn trong hàng bài → để trống URL đã đăng.
[09:04:54]     ID CMS vừa đăng: 5127

[09:04:54] ========================================================================
[09:04:54] ĐÃ LƯU XONG BÀI 10/23
[09:04:54] - Dòng Excel: 315
[09:04:54] - HTML trước/sau: 14111/9302 ký tự
[09:04:54] - URL CMS sau khi lưu: https://doanhnhanduongthoi.com/admin/news_tb/list/root_id=999
[09:04:54] ========================================================================
[09:04:54] Đã tải xong ô Select2 Tác giả.
[09:04:55] Đã random Tác giả từ CMS: Đỗ Thị Cẩm Quyên

[09:04:55] Kết quả Danh mục/Tác giả:
[09:04:55] - Trạng thái: OK
[09:04:55] - Danh mục  : Kinh doanh
[09:04:55] - Tác giả   : Đỗ Thị Cẩm Quyên
[09:04:55] [4] Đưa Edge lên trước và focus CKEditor detail...
[09:04:55]     DANH_MUC_ID đã có: doanhnhanduongthoi.com | Kinh doanh | ID 91
[09:04:55] Đã tìm thấy phần FAQ → chỉ lấy nội dung chính trước FAQ.
[09:04:55] Đã lấy HTML trực tiếp từ Clipboard Word, độ dài: 43755 ký tự.
[09:04:56] [OK] Worker 5 xong dòng 315 | 7/23
[09:04:56] [5] Đưa HTML Word vào CKEditor detail...
[09:04:56] Đã nạp CKEditor, độ dài HTML: 13854
[09:04:56] Đã đọc được 4 cặp FAQ hợp lệ từ Word.
[09:04:56] [GIAO] Worker 5 <- dòng 316 | doanhnhanduongthoi.com | bài kế tiếp sau 1.8s

[09:04:56] [WORKER 5] BẮT ĐẦU DÒNG 316

[09:04:56] ========================================================================
[09:04:56] BẮT ĐẦU BÀI 11/23
[09:04:56] ========================================================================
[09:04:57] [7] Tạo đủ block và dán FAQ một lượt...
[09:04:58] Đã tạo đủ 3 block FAQ.
[09:04:58] Đã dán một lượt 3 cặp FAQ.

[09:04:58] Kết quả FAQ:
[09:04:58] - Trạng thái: OK
[09:04:58] - Số cặp    : 3
[09:04:58] [3] Upload ảnh đại diện...
[09:04:58]     OK: đã gửi ảnh đại diện
[09:04:58] [4] Mở popup ảnh CKEditor...
[09:04:58] [5] Click tab Tải lên...
[09:04:58] [6] Chọn ảnh bài viết...
[09:04:58]     D:\baivietlamviec\dangbai\congdongkinhdoanh.com\[06] 10.08.2026\lợi thế cạnh tranh 2.png
[09:04:59]     OK: đã chọn file trong popup
[09:04:59] [7] Click Tải lên máy chủ...
[09:04:59] [1] Đã chọn dòng 316: nhu cầu và mong muốn của khách hàng
[09:04:59]     Word chạy nền, không hiện cửa sổ.
[09:04:59]     File: D:\CodexProjects\Hotkeyvip\07_ket_qua\bai_viet\[02] 30.07.2026\nhu cầu và mong muốn của khách hàng.docx
[09:04:59]     Dòng Excel được truyền trực tiếp: 316

[09:04:59] Đối chiếu tài nguyên đăng bài:
[09:04:59] - File Word     : D:\CodexProjects\Hotkeyvip\07_ket_qua\bai_viet\[02] 30.07.2026\nhu cầu và mong muốn của khách hàng.docx
[09:04:59] - Tên gốc Word : nhu cầu và mong muốn của khách hàng
[09:04:59] - Ảnh đại diện : D:\CodexProjects\Hotkeyvip\07_ket_qua\bai_viet\[02] 30.07.2026\nhu cầu và mong muốn của khách hàng 1.png
[09:04:59] - Ảnh bài viết : D:\CodexProjects\Hotkeyvip\07_ket_qua\bai_viet\[02] 30.07.2026\nhu cầu và mong muốn của khách hàng 2.png
[09:04:59] [8] Chờ server trả URL ảnh...

[09:04:59] ------------------------------------------------------------------------
[09:04:59] Dòng Excel     : 1088
[09:04:59] File Word      : D:\CodexProjects\Hotkeyvip\07_ket_qua\bai_viet\kythuatmarketing.com\PESTEL marketing.docx
[09:04:59] URL CMS        : https://kythuatmarketing.com/admin/news_tb/field/root_id=999
[09:04:59] Ảnh đại diện   : D:\CodexProjects\Hotkeyvip\07_ket_qua\bai_viet\kythuatmarketing.com\PESTEL marketing 1.png
[09:04:59] Ảnh bài viết   : D:\CodexProjects\Hotkeyvip\07_ket_qua\bai_viet\kythuatmarketing.com\PESTEL marketing 2.png
[09:04:59] ------------------------------------------------------------------------
[09:04:59]     Đang chờ lượt mở CMS/đăng nhập (không cho nhiều worker vào website cùng lúc)...
[09:04:59]     Đã đến lượt worker mở CMS/đăng nhập.

[09:05:00] ------------------------------------------------------------------------
[09:05:00] Dòng Excel     : 186
[09:05:00] File Word      : D:\baivietlamviec\dangbai\congdongkinhdoanh.com\[06] 10.08.2026\chiến lược đại dương xanh.docx
[09:05:00] URL CMS        : https://congdongkinhdoanh.com/admin/news_tb/field/root_id=999
[09:05:00] Ảnh đại diện   : D:\baivietlamviec\dangbai\congdongkinhdoanh.com\[06] 10.08.2026\chiến lược đại dương xanh 1.png
[09:05:00] Ảnh bài viết   : D:\baivietlamviec\dangbai\congdongkinhdoanh.com\[06] 10.08.2026\chiến lược đại dương xanh 2.png
[09:05:00] ------------------------------------------------------------------------
[09:05:00]     Đang chờ lượt mở CMS/đăng nhập (không cho nhiều worker vào website cùng lúc)...
[09:05:00]     Đã ở đúng trang đăng bài, không cần đăng nhập.
[09:05:00]     URL: /uploads/images/editor/loi-the-canh-tranh-2(1).png
[09:05:00] [9] Click Đồng ý...
[09:05:00]     OK: ảnh đã được chèn vào CKEditor
[09:05:00] [13] Lấy và gom HTML trực tiếp trong CKEditor...
[09:05:00]     OK: đã gom HTML bằng Python
[09:05:00]     HTML trước : 14007 ký tự
[09:05:00]     HTML sau   : 8004 ký tự
[09:05:00]     Số ảnh     : 1
[09:05:00]     Số H2/H3   : 8/0
[09:05:00] [14] Kiểm tra bảo hiểm ngay trước khi Save...
[09:05:00]     OK: Title, H1, Keyword, Danh mục, ảnh, H2 và bullet đều hợp lệ.
[09:05:00] [14] Click nút lưu bài...
[09:05:02] [3] Điền 5 ô đầu...
[09:05:02]     Đã đến lượt worker mở CMS/đăng nhập.
[09:05:03] Đã tìm thấy phần FAQ → chỉ lấy nội dung chính trước FAQ.
[09:05:03] Đã lấy HTML trực tiếp từ Clipboard Word, độ dài: 66649 ký tự.
[09:05:03]     Đã ở đúng trang đăng bài, không cần đăng nhập.
[09:05:03]     OK: đã chuyển sang URL sau khi lưu: https://congdongkinhdoanh.com/admin/news_tb/list/root_id=999
[09:05:03]     Không thấy đúng một URL công khai chắc chắn trong hàng bài → để trống URL đã đăng.
[09:05:03]     ID CMS vừa đăng: 4116

[09:05:03] ========================================================================
[09:05:03] ĐÃ LƯU XONG BÀI 5/23
[09:05:03] - Dòng Excel: 185
[09:05:03] - HTML trước/sau: 14007/8004 ký tự
[09:05:03] - URL CMS sau khi lưu: https://congdongkinhdoanh.com/admin/news_tb/list/root_id=999
[09:05:03] ========================================================================
[09:05:03] [6] Chọn Danh mục / Tác giả từ dữ liệu đã chốt...
[09:05:03]     DANH_MUC_ID đã có: congdongkinhdoanh.com | Kinh doanh | ID 1
[09:05:03] Đã mở Select2 Danh mục.
[09:05:04] Đã đọc được 5 cặp FAQ hợp lệ từ Word.
[09:05:04] Đã chọn Danh mục: Doanh nghiệp
[09:05:04] [OK] Worker 2 xong dòng 185 | 8/23
[09:05:05] [GIAO] Worker 2 <- dòng 188 | congdongkinhdoanh.com | bài kế tiếp sau 1.5s

[09:05:05] [WORKER 2] BẮT ĐẦU DÒNG 188

[09:05:05] ========================================================================
[09:05:05] BẮT ĐẦU BÀI 8/23
[09:05:05] ========================================================================
[09:05:05] Đã tải xong ô Select2 Tác giả.
[09:05:05] Đã random Tác giả từ CMS: Đinh Trần Công Phúc

[09:05:05] Kết quả Danh mục/Tác giả:
[09:05:05] - Trạng thái: OK
[09:05:05] - Danh mục  : Doanh nghiệp
[09:05:05] - Tác giả   : Đinh Trần Công Phúc
[09:05:05] [4] Đưa Edge lên trước và focus CKEditor detail...
[09:05:06] [3] Điền 5 ô đầu...
[09:05:06] [5] Đưa HTML Word vào CKEditor detail...
[09:05:06] Đã nạp CKEditor, độ dài HTML: 28562
[09:05:06] [6] Chọn Danh mục / Tác giả từ dữ liệu đã chốt...

[09:05:06] ------------------------------------------------------------------------
[09:05:06] Dòng Excel     : 187
[09:05:06] File Word      : D:\baivietlamviec\dangbai\congdongkinhdoanh.com\[06] 10.08.2026\thị trường ngách.docx
[09:05:06] URL CMS        : https://congdongkinhdoanh.com/admin/news_tb/field/root_id=999
[09:05:06] Ảnh đại diện   : D:\baivietlamviec\dangbai\congdongkinhdoanh.com\[06] 10.08.2026\thị trường ngách 1.png
[09:05:06] Ảnh bài viết   : D:\baivietlamviec\dangbai\congdongkinhdoanh.com\[06] 10.08.2026\thị trường ngách 2.png
[09:05:06] ------------------------------------------------------------------------
[09:05:06]     Đang chờ lượt mở CMS/đăng nhập (không cho nhiều worker vào website cùng lúc)...
[09:05:06]     Đã đến lượt worker mở CMS/đăng nhập.
[09:05:07] Đã mở Select2 Danh mục.
[09:05:07]     Đã ở đúng trang đăng bài, không cần đăng nhập.
[09:05:07] Đã chọn Danh mục: Kinh doanh
[09:05:07] [7] Tạo đủ block và dán FAQ một lượt...
[09:05:07] [1] Đã chọn dòng 188: phân tích đối thủ cạnh tranh
[09:05:07]     Word chạy nền, không hiện cửa sổ.
[09:05:07]     File: D:\baivietlamviec\dangbai\congdongkinhdoanh.com\[06] 10.08.2026\phân tích đối thủ cạnh tranh.docx
[09:05:07]     Dòng Excel được truyền trực tiếp: 188

[09:05:07] Đối chiếu tài nguyên đăng bài:
[09:05:07] - File Word     : D:\baivietlamviec\dangbai\congdongkinhdoanh.com\[06] 10.08.2026\phân tích đối thủ cạnh tranh.docx
[09:05:07] - Tên gốc Word : phân tích đối thủ cạnh tranh
[09:05:07] - Ảnh đại diện : D:\baivietlamviec\dangbai\congdongkinhdoanh.com\[06] 10.08.2026\phân tích đối thủ cạnh tranh 1.png
[09:05:07] - Ảnh bài viết : D:\baivietlamviec\dangbai\congdongkinhdoanh.com\[06] 10.08.2026\phân tích đối thủ cạnh tranh 2.png
[09:05:08] Đã tải xong ô Select2 Tác giả.
[09:05:08] Đã tạo đủ 4 block FAQ.
[09:05:08] Đã dán một lượt 4 cặp FAQ.

[09:05:08] Kết quả FAQ:
[09:05:08] - Trạng thái: OK
[09:05:08] - Số cặp    : 4
[09:05:08] [3] Upload ảnh đại diện...
[09:05:08]     OK: đã gửi ảnh đại diện
[09:05:08] [4] Mở popup ảnh CKEditor...
[09:05:08] Đã random Tác giả từ CMS: Đỗ Thị Cẩm Quyên

[09:05:08] Kết quả Danh mục/Tác giả:
[09:05:08] - Trạng thái: OK
[09:05:08] - Danh mục  : Kinh doanh
[09:05:08] - Tác giả   : Đỗ Thị Cẩm Quyên
[09:05:08] [4] Đưa Edge lên trước và focus CKEditor detail...
[09:05:09] [3] Điền 5 ô đầu...
[09:05:09] [5] Click tab Tải lên...
[09:05:09] [6] Chọn ảnh bài viết...
[09:05:09]     D:\CodexProjects\Hotkeyvip\07_ket_qua\bai_viet\kythuatmarketing.com\PESTEL marketing 2.png
[09:05:09]     OK: đã chọn file trong popup
[09:05:09] [7] Click Tải lên máy chủ...
[09:05:09] [5] Đưa HTML Word vào CKEditor detail...
[09:05:09] Đã nạp CKEditor, độ dài HTML: 13601
[09:05:09] Đã tìm thấy phần FAQ → chỉ lấy nội dung chính trước FAQ.
[09:05:10] [8] Chờ server trả URL ảnh...
[09:05:10] Đã lấy HTML trực tiếp từ Clipboard Word, độ dài: 34148 ký tự.
[09:05:10] [6] Chọn Danh mục / Tác giả từ dữ liệu đã chốt...
[09:05:10] Đã đọc được 3 cặp FAQ hợp lệ từ Word.
[09:05:10] Đã mở Select2 Danh mục.
[09:05:10]     URL: /uploads/images/editor/pestel-marketing-2.png
[09:05:10] [9] Click Đồng ý...
[09:05:10] Đã chọn Danh mục: Kinh doanh
[09:05:10]     OK: ảnh đã được chèn vào CKEditor
[09:05:10] [13] Lấy và gom HTML trực tiếp trong CKEditor...
[09:05:10]     OK: đã gom HTML bằng Python
[09:05:10]     HTML trước : 28723 ký tự
[09:05:10]     HTML sau   : 18420 ký tự
[09:05:10]     Số ảnh     : 1
[09:05:10]     Số H2/H3   : 7/11
[09:05:10] [14] Kiểm tra bảo hiểm ngay trước khi Save...
[09:05:10] [7] Tạo đủ block và dán FAQ một lượt...
[09:05:10]     OK: Title, H1, Keyword, Danh mục, ảnh, H2 và bullet đều hợp lệ.
[09:05:10] [14] Click nút lưu bài...
[09:05:11] Đã tải xong ô Select2 Tác giả.
[09:05:11] Đã tạo đủ 3 block FAQ.
[09:05:11] Đã dán một lượt 3 cặp FAQ.

[09:05:11] Kết quả FAQ:
[09:05:11] - Trạng thái: OK
[09:05:11] - Số cặp    : 3
[09:05:11] [3] Upload ảnh đại diện...
[09:05:11]     OK: đã gửi ảnh đại diện
[09:05:11] [4] Mở popup ảnh CKEditor...
[09:05:12] Đã random Tác giả từ CMS: Hồ Chí Dũng

[09:05:12] Kết quả Danh mục/Tác giả:
[09:05:12] - Trạng thái: OK
[09:05:12] - Danh mục  : Kinh doanh
[09:05:12] - Tác giả   : Hồ Chí Dũng
[09:05:12] [4] Đưa Edge lên trước và focus CKEditor detail...
[09:05:12] [5] Click tab Tải lên...
[09:05:12] [6] Chọn ảnh bài viết...
[09:05:12]     D:\baivietlamviec\dangbai\congdongkinhdoanh.com\[06] 10.08.2026\chiến lược đại dương xanh 2.png
[09:05:12]     OK: đã chọn file trong popup
[09:05:12] [7] Click Tải lên máy chủ...
[09:05:13] [5] Đưa HTML Word vào CKEditor detail...
[09:05:13] [8] Chờ server trả URL ảnh...
[09:05:13] Đã nạp CKEditor, độ dài HTML: 18755
[09:05:13]     OK: đã chuyển sang URL sau khi lưu: https://kythuatmarketing.com/admin/news_tb/list/root_id=999
[09:05:13]     Không thấy đúng một URL công khai chắc chắn trong hàng bài → để trống URL đã đăng.
[09:05:13]     ID CMS vừa đăng: 3209

[09:05:13] ========================================================================
[09:05:13] ĐÃ LƯU XONG BÀI 15/23
[09:05:13] - Dòng Excel: 1088
[09:05:13] - HTML trước/sau: 28723/18420 ký tự
[09:05:13] - URL CMS sau khi lưu: https://kythuatmarketing.com/admin/news_tb/list/root_id=999
[09:05:13] ========================================================================
[09:05:13]     URL: /uploads/images/editor/chien-luoc-dai-duong-xanh-2.png
[09:05:13] [9] Click Đồng ý...
[09:05:13]     OK: ảnh đã được chèn vào CKEditor
[09:05:13] [13] Lấy và gom HTML trực tiếp trong CKEditor...
[09:05:14]     OK: đã gom HTML bằng Python
[09:05:14]     HTML trước : 13759 ký tự
[09:05:14]     HTML sau   : 7634 ký tự
[09:05:14]     Số ảnh     : 1
[09:05:14]     Số H2/H3   : 7/7
[09:05:14] [14] Kiểm tra bảo hiểm ngay trước khi Save...
[09:05:14]     OK: Title, H1, Keyword, Danh mục, ảnh, H2 và bullet đều hợp lệ.
[09:05:14] [14] Click nút lưu bài...
[09:05:14] [7] Tạo đủ block và dán FAQ một lượt...
[09:05:14]     DANH_MUC_ID đã có: kythuatmarketing.com | Doanh nghiệp | ID 6
[09:05:15] Đã tạo đủ 4 block FAQ.
[09:05:15] Đã dán một lượt 4 cặp FAQ.

[09:05:15] Kết quả FAQ:
[09:05:15] - Trạng thái: OK
[09:05:15] - Số cặp    : 4
[09:05:15] [3] Upload ảnh đại diện...
[09:05:15]     OK: đã gửi ảnh đại diện
[09:05:15] [4] Mở popup ảnh CKEditor...
[09:05:15] [OK] Worker 4 xong dòng 1088 | 9/23
[09:05:15] [GIAO] Worker 4 <- dòng 1089 | kythuatmarketing.com | bài kế tiếp sau 1.6s

[09:05:15] [WORKER 4] BẮT ĐẦU DÒNG 1089

[09:05:15] ========================================================================
[09:05:15] BẮT ĐẦU BÀI 16/23
[09:05:15] ========================================================================
[09:05:15] [5] Click tab Tải lên...
[09:05:16] [6] Chọn ảnh bài viết...
[09:05:16]     D:\baivietlamviec\dangbai\congdongkinhdoanh.com\[06] 10.08.2026\thị trường ngách 2.png
[09:05:16]     OK: đã chọn file trong popup
[09:05:16] [7] Click Tải lên máy chủ...
[09:05:16] [8] Chờ server trả URL ảnh...
[09:05:16]     OK: đã chuyển sang URL sau khi lưu: https://congdongkinhdoanh.com/admin/news_tb/list/root_id=999
[09:05:16]     Không thấy đúng một URL công khai chắc chắn trong hàng bài → để trống URL đã đăng.
[09:05:16]     ID CMS vừa đăng: 4117

[09:05:16] ========================================================================
[09:05:16] ĐÃ LƯU XONG BÀI 6/23
[09:05:16] - Dòng Excel: 186
[09:05:16] - HTML trước/sau: 13759/7634 ký tự
[09:05:16] - URL CMS sau khi lưu: https://congdongkinhdoanh.com/admin/news_tb/list/root_id=999
[09:05:16] ========================================================================
[09:05:17]     DANH_MUC_ID đã có: congdongkinhdoanh.com | Kinh doanh | ID 1
[09:05:17]     URL: /uploads/images/editor/thi-truong-ngach-2(1).png
[09:05:17] [9] Click Đồng ý...
[09:05:17]     OK: ảnh đã được chèn vào CKEditor
[09:05:17] [13] Lấy và gom HTML trực tiếp trong CKEditor...
[09:05:17] [OK] Worker 1 xong dòng 186 | 10/23
[09:05:17]     OK: đã gom HTML bằng Python
[09:05:17]     HTML trước : 18915 ký tự
[09:05:17]     HTML sau   : 10090 ký tự
[09:05:17]     Số ảnh     : 1
[09:05:17]     Số H2/H3   : 10/10
[09:05:17] [14] Kiểm tra bảo hiểm ngay trước khi Save...
[09:05:18]     OK: Title, H1, Keyword, Danh mục, ảnh, H2 và bullet đều hợp lệ.
[09:05:18] [14] Click nút lưu bài...

[09:05:18] ------------------------------------------------------------------------
[09:05:18] Dòng Excel     : 316
[09:05:18] File Word      : D:\CodexProjects\Hotkeyvip\07_ket_qua\bai_viet\[02] 30.07.2026\nhu cầu và mong muốn của khách hàng.docx
[09:05:18] URL CMS        : https://doanhnhanduongthoi.com/admin/news_tb/field/root_id=999
[09:05:18] Ảnh đại diện   : D:\CodexProjects\Hotkeyvip\07_ket_qua\bai_viet\[02] 30.07.2026\nhu cầu và mong muốn của khách hàng 1.png
[09:05:18] Ảnh bài viết   : D:\CodexProjects\Hotkeyvip\07_ket_qua\bai_viet\[02] 30.07.2026\nhu cầu và mong muốn của khách hàng 2.png
[09:05:18] ------------------------------------------------------------------------
[09:05:18]     Đang chờ lượt mở CMS/đăng nhập (không cho nhiều worker vào website cùng lúc)...
[09:05:18]     Đã đến lượt worker mở CMS/đăng nhập.
[09:05:18] [GIAO] Worker 1 <- dòng 317 | doanhnhanduongthoi.com | bài kế tiếp sau 1.8s

[09:05:18] [WORKER 1] BẮT ĐẦU DÒNG 317

[09:05:18] ========================================================================
[09:05:18] BẮT ĐẦU BÀI 12/23
[09:05:18] ========================================================================
[09:05:18] [1] Đã chọn dòng 1089: mô hình STP
[09:05:18]     Word chạy nền, không hiện cửa sổ.
[09:05:18]     File: D:\CodexProjects\Hotkeyvip\07_ket_qua\bai_viet\kythuatmarketing.com\mô hình STP.docx
[09:05:18]     Dòng Excel được truyền trực tiếp: 1089

[09:05:18] Đối chiếu tài nguyên đăng bài:
[09:05:18] - File Word     : D:\CodexProjects\Hotkeyvip\07_ket_qua\bai_viet\kythuatmarketing.com\mô hình STP.docx
[09:05:18] - Tên gốc Word : mô hình STP
[09:05:18] - Ảnh đại diện : D:\CodexProjects\Hotkeyvip\07_ket_qua\bai_viet\kythuatmarketing.com\mô hình STP 1.png
[09:05:18] - Ảnh bài viết : D:\CodexProjects\Hotkeyvip\07_ket_qua\bai_viet\kythuatmarketing.com\mô hình STP 2.png
[09:05:19]     Đã ở đúng trang đăng bài, không cần đăng nhập.

[09:05:19] ------------------------------------------------------------------------
[09:05:19] Dòng Excel     : 188
[09:05:19] File Word      : D:\baivietlamviec\dangbai\congdongkinhdoanh.com\[06] 10.08.2026\phân tích đối thủ cạnh tranh.docx
[09:05:19] URL CMS        : https://congdongkinhdoanh.com/admin/news_tb/field/root_id=999
[09:05:19] Ảnh đại diện   : D:\baivietlamviec\dangbai\congdongkinhdoanh.com\[06] 10.08.2026\phân tích đối thủ cạnh tranh 1.png
[09:05:19] Ảnh bài viết   : D:\baivietlamviec\dangbai\congdongkinhdoanh.com\[06] 10.08.2026\phân tích đối thủ cạnh tranh 2.png
[09:05:19] ------------------------------------------------------------------------
[09:05:19]     Đang chờ lượt mở CMS/đăng nhập (không cho nhiều worker vào website cùng lúc)...
[09:05:20]     OK: đã chuyển sang URL sau khi lưu: https://congdongkinhdoanh.com/admin/news_tb/list/root_id=999
[09:05:20]     Không thấy đúng một URL công khai chắc chắn trong hàng bài → để trống URL đã đăng.
[09:05:20]     ID CMS vừa đăng: 4118

[09:05:20] ========================================================================
[09:05:20] ĐÃ LƯU XONG BÀI 7/23
[09:05:20] - Dòng Excel: 187
[09:05:20] - HTML trước/sau: 18915/10090 ký tự
[09:05:20] - URL CMS sau khi lưu: https://congdongkinhdoanh.com/admin/news_tb/list/root_id=999
[09:05:20] ========================================================================
[09:05:21]     DANH_MUC_ID đã có: congdongkinhdoanh.com | Kinh doanh | ID 1
[09:05:21] [1] Đã chọn dòng 317: khả năng chi trả của khách hàng
[09:05:21]     Word chạy nền, không hiện cửa sổ.
[09:05:21]     File: D:\CodexProjects\Hotkeyvip\07_ket_qua\bai_viet\[02] 30.07.2026\khả năng chi trả của khách hàng.docx
[09:05:21]     Dòng Excel được truyền trực tiếp: 317

[09:05:21] Đối chiếu tài nguyên đăng bài:
[09:05:21] - File Word     : D:\CodexProjects\Hotkeyvip\07_ket_qua\bai_viet\[02] 30.07.2026\khả năng chi trả của khách hàng.docx
[09:05:21] - Tên gốc Word : khả năng chi trả của khách hàng
[09:05:21] - Ảnh đại diện : D:\CodexProjects\Hotkeyvip\07_ket_qua\bai_viet\[02] 30.07.2026\khả năng chi trả của khách hàng 1.png
[09:05:21] - Ảnh bài viết : D:\CodexProjects\Hotkeyvip\07_ket_qua\bai_viet\[02] 30.07.2026\khả năng chi trả của khách hàng 2.png
[09:05:21] [OK] Worker 3 xong dòng 187 | 11/23
[09:05:22] [3] Điền 5 ô đầu...    Đã đến lượt worker mở CMS/đăng nhập.

[09:05:22] [GIAO] Worker 3 <- dòng 318 | doanhnhanduongthoi.com | bài kế tiếp sau 1.1s

[09:05:22] [WORKER 3] BẮT ĐẦU DÒNG 318

[09:05:22] ========================================================================
[09:05:22] BẮT ĐẦU BÀI 13/23
[09:05:22] ========================================================================
[09:05:22]     Đã ở đúng trang đăng bài, không cần đăng nhập.
[09:05:22] [6] Chọn Danh mục / Tác giả từ dữ liệu đã chốt...
[09:05:23] Đã mở Select2 Danh mục.
[09:05:23] Đã chọn Danh mục: Kinh doanh
[09:05:24] Đã tìm thấy phần FAQ → chỉ lấy nội dung chính trước FAQ.
[09:05:24] Đã tải xong ô Select2 Tác giả.
[09:05:24] Đã lấy HTML trực tiếp từ Clipboard Word, độ dài: 109695 ký tự.
[09:05:24] Đã random Tác giả từ CMS: Doãn Đức Bình

[09:05:24] Kết quả Danh mục/Tác giả:
[09:05:24] - Trạng thái: OK
[09:05:24] - Danh mục  : Kinh doanh
[09:05:24] - Tác giả   : Doãn Đức Bình
[09:05:24] [4] Đưa Edge lên trước và focus CKEditor detail...
[09:05:25] [1] Đã chọn dòng 318: thay đổi khách hàng mục tiêu
[09:05:25]     Word chạy nền, không hiện cửa sổ.
[09:05:25]     File: D:\CodexProjects\Hotkeyvip\07_ket_qua\bai_viet\[02] 30.07.2026\thay đổi khách hàng mục tiêu.docx
[09:05:25]     Dòng Excel được truyền trực tiếp: 318

[09:05:25] Đối chiếu tài nguyên đăng bài:
[09:05:25] - File Word     : D:\CodexProjects\Hotkeyvip\07_ket_qua\bai_viet\[02] 30.07.2026\thay đổi khách hàng mục tiêu.docx
[09:05:25] - Tên gốc Word : thay đổi khách hàng mục tiêu
[09:05:25] - Ảnh đại diện : D:\CodexProjects\Hotkeyvip\07_ket_qua\bai_viet\[02] 30.07.2026\thay đổi khách hàng mục tiêu 1.png
[09:05:25] - Ảnh bài viết : D:\CodexProjects\Hotkeyvip\07_ket_qua\bai_viet\[02] 30.07.2026\thay đổi khách hàng mục tiêu 2.png
[09:05:25] [3] Điền 5 ô đầu...
[09:05:25] Đã đọc được 5 cặp FAQ hợp lệ từ Word.
[09:05:25] [5] Đưa HTML Word vào CKEditor detail...
[09:05:25] Đã nạp CKEditor, độ dài HTML: 36361
[09:05:26] [6] Chọn Danh mục / Tác giả từ dữ liệu đã chốt...
[09:05:26] Đã mở Select2 Danh mục.
[09:05:26] Đã chọn Danh mục: Kinh doanh
[09:05:26] [7] Tạo đủ block và dán FAQ một lượt...
[09:05:27] Không thấy tiêu đề FAQ → lấy nội dung đến cuối Word.
[09:05:27] Đã tải xong ô Select2 Tác giả.
[09:05:28] Đã tạo đủ 5 block FAQ.
[09:05:28] Đã dán một lượt 5 cặp FAQ.

[09:05:28] Kết quả FAQ:
[09:05:28] - Trạng thái: OK
[09:05:28] - Số cặp    : 5
[09:05:28] [3] Upload ảnh đại diện...
[09:05:28]     OK: đã gửi ảnh đại diện
[09:05:28] [4] Mở popup ảnh CKEditor...
[09:05:28] Đã random Tác giả từ CMS: Đậu Minh Tuấn

[09:05:28] Kết quả Danh mục/Tác giả:
[09:05:28] - Trạng thái: OK
[09:05:28] - Danh mục  : Kinh doanh
[09:05:28] - Tác giả   : Đậu Minh Tuấn
[09:05:28] [4] Đưa Edge lên trước và focus CKEditor detail...
[09:05:28] Đã lấy HTML trực tiếp từ Clipboard Word, độ dài: 112666 ký tự.
[09:05:28] [5] Click tab Tải lên...
[09:05:28] [6] Chọn ảnh bài viết...
[09:05:28]     D:\CodexProjects\Hotkeyvip\07_ket_qua\bai_viet\[02] 30.07.2026\nhu cầu và mong muốn của khách hàng 2.png
[09:05:29]     OK: đã chọn file trong popup
[09:05:29] [7] Click Tải lên máy chủ...
[09:05:29] [5] Đưa HTML Word vào CKEditor detail...
[09:05:29] Đã nạp CKEditor, độ dài HTML: 15059
[09:05:29] Không có FAQ trong 50 đoạn cuối Word → bỏ qua bước FAQ.
[09:05:29] [8] Chờ server trả URL ảnh...
[09:05:29]     URL: /uploads/images/editor/nhu-cau-va-mong-muon-cua-khach-hang-2.png
[09:05:29] [9] Click Đồng ý...
[09:05:30]     OK: ảnh đã được chèn vào CKEditor
[09:05:30] [13] Lấy và gom HTML trực tiếp trong CKEditor...
[09:05:30]     OK: đã gom HTML bằng Python
[09:05:30]     HTML trước : 36525 ký tự
[09:05:30]     HTML sau   : 24086 ký tự
[09:05:30]     Số ảnh     : 1
[09:05:30]     Số H2/H3   : 10/13
[09:05:30] [14] Kiểm tra bảo hiểm ngay trước khi Save...
[09:05:30] [7] Tạo đủ block và dán FAQ một lượt...
[09:05:30]     OK: Title, H1, Keyword, Danh mục, ảnh, H2 và bullet đều hợp lệ.
[09:05:30] [14] Click nút lưu bài...
[09:05:30] Đã tìm thấy phần FAQ → chỉ lấy nội dung chính trước FAQ.
[09:05:31] Đã lấy HTML trực tiếp từ Clipboard Word, độ dài: 101382 ký tự.
[09:05:31] Đã tạo đủ 3 block FAQ.
[09:05:31] Đã dán một lượt 3 cặp FAQ.

[09:05:31] Kết quả FAQ:
[09:05:31] - Trạng thái: OK
[09:05:31] - Số cặp    : 3
[09:05:31] [3] Upload ảnh đại diện...
[09:05:31]     OK: đã gửi ảnh đại diện
[09:05:31] [4] Mở popup ảnh CKEditor...
[09:05:31] [5] Click tab Tải lên...
[09:05:32] [6] Chọn ảnh bài viết...
[09:05:32]     D:\baivietlamviec\dangbai\congdongkinhdoanh.com\[06] 10.08.2026\phân tích đối thủ cạnh tranh 2.png
[09:05:32] Đã đọc được 6 cặp FAQ hợp lệ từ Word.
[09:05:32]     OK: đã chọn file trong popup
[09:05:32] [7] Click Tải lên máy chủ...
[09:05:32] [8] Chờ server trả URL ảnh...
[09:05:32]     OK: đã chuyển sang URL sau khi lưu: https://doanhnhanduongthoi.com/admin/news_tb/list/root_id=999
[09:05:32]     Không thấy đúng một URL công khai chắc chắn trong hàng bài → để trống URL đã đăng.
[09:05:32]     ID CMS vừa đăng: 5128

[09:05:32] ========================================================================
[09:05:32] ĐÃ LƯU XONG BÀI 11/23
[09:05:32] - Dòng Excel: 316
[09:05:32] - HTML trước/sau: 36525/24086 ký tự
[09:05:32] - URL CMS sau khi lưu: https://doanhnhanduongthoi.com/admin/news_tb/list/root_id=999
[09:05:32] ========================================================================
[09:05:32]     URL: /uploads/images/editor/phan-tich-doi-thu-canh-tranh-2.png
[09:05:32] [9] Click Đồng ý...
[09:05:33]     OK: ảnh đã được chèn vào CKEditor
[09:05:33] [13] Lấy và gom HTML trực tiếp trong CKEditor...
[09:05:33]     OK: đã gom HTML bằng Python
[09:05:33]     HTML trước : 15232 ký tự
[09:05:33]     HTML sau   : 8582 ký tự
[09:05:33]     Số ảnh     : 1
[09:05:33]     Số H2/H3   : 10/9
[09:05:33] [14] Kiểm tra bảo hiểm ngay trước khi Save...
[09:05:33]     OK: Title, H1, Keyword, Danh mục, ảnh, H2 và bullet đều hợp lệ.
[09:05:33] [14] Click nút lưu bài...
[09:05:33]     DANH_MUC_ID đã có: doanhnhanduongthoi.com | Kinh doanh | ID 91
[09:05:34] [OK] Worker 5 xong dòng 316 | 12/23
[09:05:34] [GIAO] Worker 5 <- dòng 1090 | kythuatmarketing.com | bài kế tiếp sau 1.9s

[09:05:34] [WORKER 5] BẮT ĐẦU DÒNG 1090

[09:05:34] ========================================================================
[09:05:34] BẮT ĐẦU BÀI 17/23
[09:05:34] ========================================================================
[09:05:35]     OK: đã chuyển sang URL sau khi lưu: https://congdongkinhdoanh.com/admin/news_tb/list/root_id=999
[09:05:35]     Không thấy đúng một URL công khai chắc chắn trong hàng bài → để trống URL đã đăng.
[09:05:35]     ID CMS vừa đăng: 4119

[09:05:35] ========================================================================
[09:05:35] ĐÃ LƯU XONG BÀI 8/23
[09:05:35] - Dòng Excel: 188
[09:05:35] - HTML trước/sau: 15232/8582 ký tự
[09:05:35] - URL CMS sau khi lưu: https://congdongkinhdoanh.com/admin/news_tb/list/root_id=999
[09:05:35] ========================================================================
[09:05:36]     DANH_MUC_ID đã có: congdongkinhdoanh.com | Kinh doanh | ID 1
[09:05:37] [OK] Worker 2 xong dòng 188 | 13/23
[09:05:37] [1] Đã chọn dòng 1090: Marketing Mix 4P
[09:05:37]     Word chạy nền, không hiện cửa sổ.
[09:05:37]     File: D:\CodexProjects\Hotkeyvip\07_ket_qua\bai_viet\kythuatmarketing.com\Marketing Mix 4P.docx
[09:05:37]     Dòng Excel được truyền trực tiếp: 1090

[09:05:37] Đối chiếu tài nguyên đăng bài:
[09:05:37] - File Word     : D:\CodexProjects\Hotkeyvip\07_ket_qua\bai_viet\kythuatmarketing.com\Marketing Mix 4P.docx
[09:05:37] - Tên gốc Word : Marketing Mix 4P
[09:05:37] - Ảnh đại diện : D:\CodexProjects\Hotkeyvip\07_ket_qua\bai_viet\kythuatmarketing.com\Marketing Mix 4P 1.png
[09:05:37] - Ảnh bài viết : D:\CodexProjects\Hotkeyvip\07_ket_qua\bai_viet\kythuatmarketing.com\Marketing Mix 4P 2.png
[09:05:37] [GIAO] Worker 2 <- dòng 1091 | kythuatmarketing.com | bài kế tiếp sau 1.7s

[09:05:37] [WORKER 2] BẮT ĐẦU DÒNG 1091

[09:05:37] ========================================================================
[09:05:37] BẮT ĐẦU BÀI 18/23
[09:05:37] ========================================================================
[09:05:39] Đã tìm thấy phần FAQ → chỉ lấy nội dung chính trước FAQ.
[09:05:39] Đã lấy HTML trực tiếp từ Clipboard Word, độ dài: 34222 ký tự.
[09:05:39] Đã đọc được 3 cặp FAQ hợp lệ từ Word.
[09:05:40] [1] Đã chọn dòng 1091: Marketing Mix 7P
[09:05:40]     Word chạy nền, không hiện cửa sổ.
[09:05:40]     File: D:\CodexProjects\Hotkeyvip\07_ket_qua\bai_viet\kythuatmarketing.com\Marketing Mix 7P.docx
[09:05:40]     Dòng Excel được truyền trực tiếp: 1091

[09:05:40] Đối chiếu tài nguyên đăng bài:
[09:05:40] - File Word     : D:\CodexProjects\Hotkeyvip\07_ket_qua\bai_viet\kythuatmarketing.com\Marketing Mix 7P.docx
[09:05:40] - Tên gốc Word : Marketing Mix 7P
[09:05:40] - Ảnh đại diện : D:\CodexProjects\Hotkeyvip\07_ket_qua\bai_viet\kythuatmarketing.com\Marketing Mix 7P 1.png
[09:05:40] - Ảnh bài viết : D:\CodexProjects\Hotkeyvip\07_ket_qua\bai_viet\kythuatmarketing.com\Marketing Mix 7P 2.png
[09:05:44] Đã tìm thấy phần FAQ → chỉ lấy nội dung chính trước FAQ.
[09:05:44] Đã lấy HTML trực tiếp từ Clipboard Word, độ dài: 78921 ký tự.
[09:05:45] Đã đọc được 6 cặp FAQ hợp lệ từ Word.

[09:05:46] ------------------------------------------------------------------------
[09:05:46] Dòng Excel     : 1089
[09:05:46] File Word      : D:\CodexProjects\Hotkeyvip\07_ket_qua\bai_viet\kythuatmarketing.com\mô hình STP.docx
[09:05:46] URL CMS        : https://kythuatmarketing.com/admin/news_tb/field/root_id=999
[09:05:46] Ảnh đại diện   : D:\CodexProjects\Hotkeyvip\07_ket_qua\bai_viet\kythuatmarketing.com\mô hình STP 1.png
[09:05:46] Ảnh bài viết   : D:\CodexProjects\Hotkeyvip\07_ket_qua\bai_viet\kythuatmarketing.com\mô hình STP 2.png
[09:05:46] ------------------------------------------------------------------------
[09:05:46]     Đang chờ lượt mở CMS/đăng nhập (không cho nhiều worker vào website cùng lúc)...
[09:05:46]     Đã đến lượt worker mở CMS/đăng nhập.

[09:05:46] ------------------------------------------------------------------------
[09:05:46] Dòng Excel     : 1090
[09:05:46] File Word      : D:\CodexProjects\Hotkeyvip\07_ket_qua\bai_viet\kythuatmarketing.com\Marketing Mix 4P.docx
[09:05:46] URL CMS        : https://kythuatmarketing.com/admin/news_tb/field/root_id=999
[09:05:46] Ảnh đại diện   : D:\CodexProjects\Hotkeyvip\07_ket_qua\bai_viet\kythuatmarketing.com\Marketing Mix 4P 1.png
[09:05:46] Ảnh bài viết   : D:\CodexProjects\Hotkeyvip\07_ket_qua\bai_viet\kythuatmarketing.com\Marketing Mix 4P 2.png
[09:05:46] ------------------------------------------------------------------------
[09:05:46]     Đang chờ lượt mở CMS/đăng nhập (không cho nhiều worker vào website cùng lúc)...
[09:05:46]     Đã ở đúng trang đăng bài, không cần đăng nhập.
[09:05:48] [3] Điền 5 ô đầu...    Đã đến lượt worker mở CMS/đăng nhập.

[09:05:49] [6] Chọn Danh mục / Tác giả từ dữ liệu đã chốt...
[09:05:49]     Phát hiện trang đăng nhập → tự nhập ID và mật khẩu...
[09:05:49] Đã mở Select2 Danh mục.
[09:05:50] Đã chọn Danh mục: Doanh nghiệp
[09:05:50]     Đã nhập đủ ID/mật khẩu → click ĐĂNG NHẬP một lần.
[09:05:51] Đã tải xong ô Select2 Tác giả.
[09:05:51] Đã random Tác giả từ CMS: Bùi Vũ Nhật Huy

[09:05:51] Kết quả Danh mục/Tác giả:
[09:05:51] - Trạng thái: OK
[09:05:51] - Danh mục  : Doanh nghiệp
[09:05:51] - Tác giả   : Bùi Vũ Nhật Huy
[09:05:51] [4] Đưa Edge lên trước và focus CKEditor detail...
[09:05:51]     Đăng nhập thành công, đã vào đúng trang đăng bài.

[09:05:52] ------------------------------------------------------------------------
[09:05:52] Dòng Excel     : 317
[09:05:52] File Word      : D:\CodexProjects\Hotkeyvip\07_ket_qua\bai_viet\[02] 30.07.2026\khả năng chi trả của khách hàng.docx
[09:05:52] URL CMS        : https://doanhnhanduongthoi.com/admin/news_tb/field/root_id=999
[09:05:52] Ảnh đại diện   : D:\CodexProjects\Hotkeyvip\07_ket_qua\bai_viet\[02] 30.07.2026\khả năng chi trả của khách hàng 1.png
[09:05:52] Ảnh bài viết   : D:\CodexProjects\Hotkeyvip\07_ket_qua\bai_viet\[02] 30.07.2026\khả năng chi trả của khách hàng 2.png
[09:05:52] ------------------------------------------------------------------------
[09:05:52]     Đang chờ lượt mở CMS/đăng nhập (không cho nhiều worker vào website cùng lúc)...
[09:05:52] [5] Đưa HTML Word vào CKEditor detail...
[09:05:52] Đã nạp CKEditor, độ dài HTML: 67389
[09:05:53] [7] Tạo đủ block và dán FAQ một lượt...
[09:05:54] [3] Điền 5 ô đầu...    Đã đến lượt worker mở CMS/đăng nhập.


[09:05:54] ------------------------------------------------------------------------
[09:05:54] Dòng Excel     : 318
[09:05:54] File Word      : D:\CodexProjects\Hotkeyvip\07_ket_qua\bai_viet\[02] 30.07.2026\thay đổi khách hàng mục tiêu.docx
[09:05:54] URL CMS        : https://doanhnhanduongthoi.com/admin/news_tb/field/root_id=999
[09:05:54] Ảnh đại diện   : D:\CodexProjects\Hotkeyvip\07_ket_qua\bai_viet\[02] 30.07.2026\thay đổi khách hàng mục tiêu 1.png
[09:05:54] Ảnh bài viết   : D:\CodexProjects\Hotkeyvip\07_ket_qua\bai_viet\[02] 30.07.2026\thay đổi khách hàng mục tiêu 2.png
[09:05:54] ------------------------------------------------------------------------
[09:05:54]     Đang chờ lượt mở CMS/đăng nhập (không cho nhiều worker vào website cùng lúc)...
[09:05:54] [6] Chọn Danh mục / Tác giả từ dữ liệu đã chốt...
[09:05:54] Đã tạo đủ 5 block FAQ.
[09:05:54] Đã dán một lượt 5 cặp FAQ.

[09:05:54] Kết quả FAQ:
[09:05:54] - Trạng thái: OK
[09:05:54] - Số cặp    : 5
[09:05:54] [3] Upload ảnh đại diện...
[09:05:54]     OK: đã gửi ảnh đại diện
[09:05:54] [4] Mở popup ảnh CKEditor...
[09:05:55] Đã mở Select2 Danh mục.
[09:05:55] Đã chọn Danh mục: Doanh nghiệp
[09:05:55] [5] Click tab Tải lên...
[09:05:55]     Đã ở đúng trang đăng bài, không cần đăng nhập.
[09:05:55] [6] Chọn ảnh bài viết...
[09:05:55]     D:\CodexProjects\Hotkeyvip\07_ket_qua\bai_viet\kythuatmarketing.com\mô hình STP 2.png
[09:05:55]     OK: đã chọn file trong popup
[09:05:55] [7] Click Tải lên máy chủ...
[09:05:56] [8] Chờ server trả URL ảnh...
[09:05:56] Đã tải xong ô Select2 Tác giả.
[09:05:56]     URL: /uploads/images/editor/mo-hinh-stp-2.png
[09:05:56] [9] Click Đồng ý...
[09:05:56] Đã random Tác giả từ CMS: Đinh Trần Công Phúc

[09:05:56] Kết quả Danh mục/Tác giả:
[09:05:56] - Trạng thái: OK
[09:05:56] - Danh mục  : Doanh nghiệp
[09:05:56] - Tác giả   : Đinh Trần Công Phúc
[09:05:56] [4] Đưa Edge lên trước và focus CKEditor detail...
[09:05:56]     OK: ảnh đã được chèn vào CKEditor
[09:05:56] [13] Lấy và gom HTML trực tiếp trong CKEditor...
[09:05:57]     OK: đã gom HTML bằng Python
[09:05:57]     HTML trước : 67545 ký tự
[09:05:57]     HTML sau   : 43988 ký tự
[09:05:57]     Số ảnh     : 1
[09:05:57]     Số H2/H3   : 10/29
[09:05:57] [14] Kiểm tra bảo hiểm ngay trước khi Save...
[09:05:57]     OK: Title, H1, Keyword, Danh mục, ảnh, H2 và bullet đều hợp lệ.
[09:05:57] [14] Click nút lưu bài...
[09:05:57] [5] Đưa HTML Word vào CKEditor detail...
[09:05:57] Đã nạp CKEditor, độ dài HTML: 19644
[09:05:58] [3] Điền 5 ô đầu...    Đã đến lượt worker mở CMS/đăng nhập.

[09:05:58] [6] Chọn Danh mục / Tác giả từ dữ liệu đã chốt...
[09:05:58] [7] Tạo đủ block và dán FAQ một lượt...
[09:05:59] Đã mở Select2 Danh mục.
[09:05:59]     Phát hiện trang đăng nhập → tự nhập ID và mật khẩu...
[09:05:59]     OK: đã chuyển sang URL sau khi lưu: https://kythuatmarketing.com/admin/news_tb/list/root_id=999
[09:05:59]     Không thấy đúng một URL công khai chắc chắn trong hàng bài → để trống URL đã đăng.
[09:05:59]     ID CMS vừa đăng: 3210

[09:05:59] ========================================================================
[09:05:59] ĐÃ LƯU XONG BÀI 16/23
[09:05:59] - Dòng Excel: 1089
[09:05:59] - HTML trước/sau: 67545/43988 ký tự
[09:05:59] - URL CMS sau khi lưu: https://kythuatmarketing.com/admin/news_tb/list/root_id=999
[09:05:59] ========================================================================
[09:05:59] Đã chọn Danh mục: Kinh doanh
[09:05:59]     Đã nhập đủ ID/mật khẩu → click ĐĂNG NHẬP một lần.
[09:05:59] Đã tạo đủ 3 block FAQ.
[09:05:59] Đã dán một lượt 3 cặp FAQ.

[09:05:59] Kết quả FAQ:
[09:05:59] - Trạng thái: OK
[09:05:59] - Số cặp    : 3
[09:05:59] [3] Upload ảnh đại diện...
[09:05:59]     OK: đã gửi ảnh đại diện
[09:05:59] [4] Mở popup ảnh CKEditor...
[09:06:00] Đã tải xong ô Select2 Tác giả.
[09:06:00] [5] Click tab Tải lên...
[09:06:00]     DANH_MUC_ID đã có: kythuatmarketing.com | Doanh nghiệp | ID 6
[09:06:00] [6] Chọn ảnh bài viết...
[09:06:00]     D:\CodexProjects\Hotkeyvip\07_ket_qua\bai_viet\kythuatmarketing.com\Marketing Mix 4P 2.png
[09:06:00]     OK: đã chọn file trong popup
[09:06:00] [7] Click Tải lên máy chủ...
[09:06:00] Đã random Tác giả từ CMS: Bùi Gia Huy

[09:06:00] Kết quả Danh mục/Tác giả:
[09:06:00] - Trạng thái: OK
[09:06:00] - Danh mục  : Kinh doanh
[09:06:00] - Tác giả   : Bùi Gia Huy
[09:06:00] [4] Đưa Edge lên trước và focus CKEditor detail...
[09:06:01] [8] Chờ server trả URL ảnh...
[09:06:01]     Đăng nhập thành công, đã vào đúng trang đăng bài.
[09:06:01] [OK] Worker 4 xong dòng 1089 | 14/23
[09:06:01]     URL: /uploads/images/editor/marketing-mix-4p-2.png
[09:06:01] [9] Click Đồng ý...
[09:06:01] [GIAO] Worker 4 <- dòng 1092 | kythuatmarketing.com | bài kế tiếp sau 1.0s

[09:06:01] [WORKER 4] BẮT ĐẦU DÒNG 1092

[09:06:01] ========================================================================
[09:06:01] BẮT ĐẦU BÀI 19/23
[09:06:01] ========================================================================
[09:06:01] [5] Đưa HTML Word vào CKEditor detail...

[09:06:01] ------------------------------------------------------------------------
[09:06:01] Dòng Excel     : 1091
[09:06:01] File Word      : D:\CodexProjects\Hotkeyvip\07_ket_qua\bai_viet\kythuatmarketing.com\Marketing Mix 7P.docx
[09:06:01] URL CMS        : https://kythuatmarketing.com/admin/news_tb/field/root_id=999
[09:06:01] Ảnh đại diện   : D:\CodexProjects\Hotkeyvip\07_ket_qua\bai_viet\kythuatmarketing.com\Marketing Mix 7P 1.png
[09:06:01] Ảnh bài viết   : D:\CodexProjects\Hotkeyvip\07_ket_qua\bai_viet\kythuatmarketing.com\Marketing Mix 7P 2.png
[09:06:01] ------------------------------------------------------------------------
[09:06:01]     Đang chờ lượt mở CMS/đăng nhập (không cho nhiều worker vào website cùng lúc)...
[09:06:02]     OK: ảnh đã được chèn vào CKEditor
[09:06:02] [13] Lấy và gom HTML trực tiếp trong CKEditor...
[09:06:02] Đã nạp CKEditor, độ dài HTML: 60539
[09:06:02]     OK: đã gom HTML bằng Python
[09:06:02]     HTML trước : 19805 ký tự
[09:06:02]     HTML sau   : 12160 ký tự
[09:06:02]     Số ảnh     : 1
[09:06:02]     Số H2/H3   : 5/5
[09:06:02] [14] Kiểm tra bảo hiểm ngay trước khi Save...
[09:06:02]     OK: Title, H1, Keyword, Danh mục, ảnh, H2 và bullet đều hợp lệ.
[09:06:02] [14] Click nút lưu bài...
[09:06:03] [7] Tạo đủ block và dán FAQ một lượt...

[09:06:03] Kết quả FAQ:
[09:06:03] - Trạng thái: SKIP
[09:06:03] - Số cặp    : 0
[09:06:03] [3] Upload ảnh đại diện...
[09:06:03]     OK: đã gửi ảnh đại diện
[09:06:03] [4] Mở popup ảnh CKEditor...
[09:06:03] [5] Click tab Tải lên...
[09:06:03] [3] Điền 5 ô đầu...
[09:06:03]     Đã đến lượt worker mở CMS/đăng nhập.
[09:06:04] [6] Chọn ảnh bài viết...
[09:06:04]     D:\CodexProjects\Hotkeyvip\07_ket_qua\bai_viet\[02] 30.07.2026\khả năng chi trả của khách hàng 2.png
[09:06:04]     OK: đã chọn file trong popup
[09:06:04] [7] Click Tải lên máy chủ...
[09:06:04] [8] Chờ server trả URL ảnh...
[09:06:04] [6] Chọn Danh mục / Tác giả từ dữ liệu đã chốt...
[09:06:04] [1] Đã chọn dòng 1092: chiến lược cạnh tranh marketing
[09:06:04]     Word chạy nền, không hiện cửa sổ.
[09:06:04]     File: D:\CodexProjects\Hotkeyvip\07_ket_qua\bai_viet\kythuatmarketing.com\chiến lược cạnh tranh marketing.docx
[09:06:04]     Dòng Excel được truyền trực tiếp: 1092

[09:06:04] Đối chiếu tài nguyên đăng bài:
[09:06:04] - File Word     : D:\CodexProjects\Hotkeyvip\07_ket_qua\bai_viet\kythuatmarketing.com\chiến lược cạnh tranh marketing.docx
[09:06:04] - Tên gốc Word : chiến lược cạnh tranh marketing
[09:06:04] - Ảnh đại diện : D:\CodexProjects\Hotkeyvip\07_ket_qua\bai_viet\kythuatmarketing.com\chiến lược cạnh tranh marketing 1.png
[09:06:04] - Ảnh bài viết : D:\CodexProjects\Hotkeyvip\07_ket_qua\bai_viet\kythuatmarketing.com\chiến lược cạnh tranh marketing 2.png
[09:06:04]     OK: đã chuyển sang URL sau khi lưu: https://kythuatmarketing.com/admin/news_tb/list/root_id=999
[09:06:04]     Không thấy đúng một URL công khai chắc chắn trong hàng bài → để trống URL đã đăng.
[09:06:04]     ID CMS vừa đăng: 3211

[09:06:04] ========================================================================
[09:06:04] ĐÃ LƯU XONG BÀI 17/23
[09:06:04] - Dòng Excel: 1090
[09:06:04] - HTML trước/sau: 19805/12160 ký tự
[09:06:04] - URL CMS sau khi lưu: https://kythuatmarketing.com/admin/news_tb/list/root_id=999
[09:06:04] ========================================================================
[09:06:04] Đã mở Select2 Danh mục.
[09:06:05]     URL: /uploads/images/editor/kha-nang-chi-tra-cua-khach-hang-2.png
[09:06:05] [9] Click Đồng ý...
[09:06:05]     Phát hiện trang đăng nhập → tự nhập ID và mật khẩu...
[09:06:05] Đã chọn Danh mục: Kinh doanh
[09:06:05]     OK: ảnh đã được chèn vào CKEditor
[09:06:05] [13] Lấy và gom HTML trực tiếp trong CKEditor...
[09:06:05]     Đã nhập đủ ID/mật khẩu → click ĐĂNG NHẬP một lần.
[09:06:05]     OK: đã gom HTML bằng Python
[09:06:05]     HTML trước : 60703 ký tự
[09:06:05]     HTML sau   : 38265 ký tự
[09:06:05]     Số ảnh     : 1
[09:06:05]     Số H2/H3   : 13/15
[09:06:05] [14] Kiểm tra bảo hiểm ngay trước khi Save...
[09:06:05]     OK: Title, H1, Keyword, Danh mục, ảnh, H2 và bullet đều hợp lệ.
[09:06:05] [14] Click nút lưu bài...
[09:06:05]     DANH_MUC_ID đã có: kythuatmarketing.com | Doanh nghiệp | ID 6
[09:06:06] Đã tải xong ô Select2 Tác giả.
[09:06:06] Đã random Tác giả từ CMS: Doãn Đức Bình

[09:06:06] Kết quả Danh mục/Tác giả:
[09:06:06] - Trạng thái: OK
[09:06:06] - Danh mục  : Kinh doanh
[09:06:06] - Tác giả   : Doãn Đức Bình
[09:06:06] [4] Đưa Edge lên trước và focus CKEditor detail...
[09:06:06] [OK] Worker 5 xong dòng 1090 | 15/23
[09:06:07] [GIAO] Worker 5 <- dòng 1093 | kythuatmarketing.com | bài kế tiếp sau 1.8s

[09:06:07] [WORKER 5] BẮT ĐẦU DÒNG 1093

[09:06:07] ========================================================================
[09:06:07] BẮT ĐẦU BÀI 20/23
[09:06:07] ========================================================================
[09:06:07] [5] Đưa HTML Word vào CKEditor detail...
[09:06:07]     Đăng nhập thành công, đã vào đúng trang đăng bài.
[09:06:07] Không thấy tiêu đề FAQ → lấy nội dung đến cuối Word.
[09:06:07] Đã nạp CKEditor, độ dài HTML: 64820
[09:06:07] Đã lấy HTML trực tiếp từ Clipboard Word, độ dài: 51044 ký tự.
[09:06:08]     OK: đã chuyển sang URL sau khi lưu: https://doanhnhanduongthoi.com/admin/news_tb/list/root_id=999
[09:06:08]     Không thấy đúng một URL công khai chắc chắn trong hàng bài → để trống URL đã đăng.
[09:06:08]     ID CMS vừa đăng: 5129

[09:06:08] ========================================================================
[09:06:08] ĐÃ LƯU XONG BÀI 12/23
[09:06:08] - Dòng Excel: 317
[09:06:08] - HTML trước/sau: 60703/38265 ký tự
[09:06:08] - URL CMS sau khi lưu: https://doanhnhanduongthoi.com/admin/news_tb/list/root_id=999
[09:06:08] ========================================================================
[09:06:08]     DANH_MUC_ID đã có: doanhnhanduongthoi.com | Kinh doanh | ID 91
[09:06:08] [7] Tạo đủ block và dán FAQ một lượt...
[09:06:08] Không có FAQ trong 50 đoạn cuối Word → bỏ qua bước FAQ.
[09:06:09] Đã tạo đủ 6 block FAQ.
[09:06:09] Đã dán một lượt 6 cặp FAQ.

[09:06:09] Kết quả FAQ:
[09:06:09] - Trạng thái: OK
[09:06:09] - Số cặp    : 6
[09:06:09] [3] Upload ảnh đại diện...
[09:06:09]     Đã gắn Note kiểm tra vào ô URL đã đăng, dòng 317.
[09:06:09]     OK: đã gửi ảnh đại diện
[09:06:09] [4] Mở popup ảnh CKEditor...
[09:06:09] [OK] Worker 1 xong dòng 317 | 16/23
[09:06:09] [1] Đã chọn dòng 1093: sai lầm chiến lược marketing
[09:06:09]     Word chạy nền, không hiện cửa sổ.
[09:06:09]     File: D:\CodexProjects\Hotkeyvip\07_ket_qua\bai_viet\kythuatmarketing.com\sai lầm chiến lược marketing.docx
[09:06:09]     Dòng Excel được truyền trực tiếp: 1093

[09:06:09] Đối chiếu tài nguyên đăng bài:
[09:06:09] - File Word     : D:\CodexProjects\Hotkeyvip\07_ket_qua\bai_viet\kythuatmarketing.com\sai lầm chiến lược marketing.docx
[09:06:09] - Tên gốc Word : sai lầm chiến lược marketing
[09:06:09] - Ảnh đại diện : D:\CodexProjects\Hotkeyvip\07_ket_qua\bai_viet\kythuatmarketing.com\sai lầm chiến lược marketing 1.png
[09:06:09] - Ảnh bài viết : D:\CodexProjects\Hotkeyvip\07_ket_qua\bai_viet\kythuatmarketing.com\sai lầm chiến lược marketing 2.png
[09:06:10] [3] Điền 5 ô đầu...
[09:06:10] [GIAO] Worker 1 <- dòng 1094 | kythuatmarketing.com | bài kế tiếp sau 1.8s

[09:06:10] [WORKER 1] BẮT ĐẦU DÒNG 1094

[09:06:10] ========================================================================
[09:06:10] BẮT ĐẦU BÀI 21/23
[09:06:10] ========================================================================
[09:06:10] [5] Click tab Tải lên...
[09:06:10] [6] Chọn ảnh bài viết...
[09:06:10]     D:\CodexProjects\Hotkeyvip\07_ket_qua\bai_viet\[02] 30.07.2026\thay đổi khách hàng mục tiêu 2.png
[09:06:10]     OK: đã chọn file trong popup
[09:06:10] [7] Click Tải lên máy chủ...
[09:06:10] [6] Chọn Danh mục / Tác giả từ dữ liệu đã chốt...
[09:06:10] [8] Chờ server trả URL ảnh...
[09:06:11] Đã mở Select2 Danh mục.
[09:06:11] Đã chọn Danh mục: Doanh nghiệp
[09:06:11]     URL: /uploads/images/editor/thay-doi-khach-hang-muc-tieu-2.png
[09:06:11] [9] Click Đồng ý...
[09:06:11]     OK: ảnh đã được chèn vào CKEditor
[09:06:11] [13] Lấy và gom HTML trực tiếp trong CKEditor...
[09:06:11]     OK: đã gom HTML bằng Python
[09:06:11]     HTML trước : 64986 ký tự
[09:06:11]     HTML sau   : 45099 ký tự
[09:06:11]     Số ảnh     : 1
[09:06:11]     Số H2/H3   : 18/32
[09:06:11] [14] Kiểm tra bảo hiểm ngay trước khi Save...
[09:06:11]     OK: Title, H1, Keyword, Danh mục, ảnh, H2 và bullet đều hợp lệ.
[09:06:11] [14] Click nút lưu bài...
[09:06:12] Đã tải xong ô Select2 Tác giả.
[09:06:12] [1] Đã chọn dòng 1094: đánh giá chiến lược marketing
[09:06:12]     Word chạy nền, không hiện cửa sổ.
[09:06:12]     File: D:\CodexProjects\Hotkeyvip\07_ket_qua\bai_viet\kythuatmarketing.com\đánh giá chiến lược marketing.docx
[09:06:12]     Dòng Excel được truyền trực tiếp: 1094

[09:06:12] Đối chiếu tài nguyên đăng bài:
[09:06:12] - File Word     : D:\CodexProjects\Hotkeyvip\07_ket_qua\bai_viet\kythuatmarketing.com\đánh giá chiến lược marketing.docx
[09:06:12] - Tên gốc Word : đánh giá chiến lược marketing
[09:06:12] - Ảnh đại diện : D:\CodexProjects\Hotkeyvip\07_ket_qua\bai_viet\kythuatmarketing.com\đánh giá chiến lược marketing 1.png
[09:06:12] - Ảnh bài viết : D:\CodexProjects\Hotkeyvip\07_ket_qua\bai_viet\kythuatmarketing.com\đánh giá chiến lược marketing 2.png
[09:06:12] Đã random Tác giả từ CMS: Đặng Lương Đức Kiên

[09:06:12] Kết quả Danh mục/Tác giả:
[09:06:12] - Trạng thái: OK
[09:06:12] - Danh mục  : Doanh nghiệp
[09:06:12] - Tác giả   : Đặng Lương Đức Kiên
[09:06:12] [4] Đưa Edge lên trước và focus CKEditor detail...
[09:06:12] Đã tìm thấy phần FAQ → chỉ lấy nội dung chính trước FAQ.
[09:06:13] Đã lấy HTML trực tiếp từ Clipboard Word, độ dài: 53979 ký tự.
[09:06:13] [5] Đưa HTML Word vào CKEditor detail...
[09:06:13] Đã nạp CKEditor, độ dài HTML: 49365
[09:06:13] Đã đọc được 6 cặp FAQ hợp lệ từ Word.
[09:06:14]     OK: đã chuyển sang URL sau khi lưu: https://doanhnhanduongthoi.com/admin/news_tb/list/root_id=999
[09:06:14]     Không thấy đúng một URL công khai chắc chắn trong hàng bài → để trống URL đã đăng.
[09:06:14]     ID CMS vừa đăng: 5130

[09:06:14] ========================================================================
[09:06:14] ĐÃ LƯU XONG BÀI 13/23
[09:06:14] - Dòng Excel: 318
[09:06:14] - HTML trước/sau: 64986/45099 ký tự
[09:06:14] - URL CMS sau khi lưu: https://doanhnhanduongthoi.com/admin/news_tb/list/root_id=999
[09:06:14] ========================================================================
[09:06:14] [7] Tạo đủ block và dán FAQ một lượt...
[09:06:15]     DANH_MUC_ID đã có: doanhnhanduongthoi.com | Kinh doanh | ID 91
[09:06:15] Đã tạo đủ 6 block FAQ.
[09:06:15] Đã dán một lượt 6 cặp FAQ.

[09:06:15] Kết quả FAQ:
[09:06:15] - Trạng thái: OK
[09:06:15] - Số cặp    : 6
[09:06:15] [3] Upload ảnh đại diện...
[09:06:15]     OK: đã gửi ảnh đại diện
[09:06:15] [4] Mở popup ảnh CKEditor...
[09:06:15] [OK] Worker 3 xong dòng 318 | 17/23
[09:06:16] [GIAO] Worker 3 <- dòng 1095 | kythuatmarketing.com | bài kế tiếp sau 1.0s

[09:06:16] [WORKER 3] BẮT ĐẦU DÒNG 1095

[09:06:16] ========================================================================
[09:06:16] BẮT ĐẦU BÀI 22/23
[09:06:16] ========================================================================
[09:06:16] [5] Click tab Tải lên...
[09:06:16] Đã tìm thấy phần FAQ → chỉ lấy nội dung chính trước FAQ.
[09:06:16] Đã lấy HTML trực tiếp từ Clipboard Word, độ dài: 65737 ký tự.
[09:06:16] [6] Chọn ảnh bài viết...
[09:06:16]     D:\CodexProjects\Hotkeyvip\07_ket_qua\bai_viet\kythuatmarketing.com\Marketing Mix 7P 2.png
[09:06:16]     OK: đã chọn file trong popup
[09:06:16] [7] Click Tải lên máy chủ...
[09:06:16] [8] Chờ server trả URL ảnh...
[09:06:17] Đã đọc được 5 cặp FAQ hợp lệ từ Word.
[09:06:17]     URL: /uploads/images/editor/marketing-mix-7p-2.png
[09:06:17] [9] Click Đồng ý...
[09:06:17]     OK: ảnh đã được chèn vào CKEditor
[09:06:17] [13] Lấy và gom HTML trực tiếp trong CKEditor...
[09:06:17]     OK: đã gom HTML bằng Python
[09:06:17]     HTML trước : 49522 ký tự
[09:06:17]     HTML sau   : 33401 ký tự
[09:06:17]     Số ảnh     : 1
[09:06:17]     Số H2/H3   : 9/18
[09:06:17] [14] Kiểm tra bảo hiểm ngay trước khi Save...
[09:06:17]     OK: Title, H1, Keyword, Danh mục, ảnh, H2 và bullet đều hợp lệ.
[09:06:17] [14] Click nút lưu bài...
[09:06:18] [1] Đã chọn dòng 1095: điều chỉnh chiến lược marketing
[09:06:18]     Word chạy nền, không hiện cửa sổ.
[09:06:18]     File: D:\CodexProjects\Hotkeyvip\07_ket_qua\bai_viet\kythuatmarketing.com\điều chỉnh chiến lược marketing.docx
[09:06:18]     Dòng Excel được truyền trực tiếp: 1095

[09:06:18] Đối chiếu tài nguyên đăng bài:
[09:06:18] - File Word     : D:\CodexProjects\Hotkeyvip\07_ket_qua\bai_viet\kythuatmarketing.com\điều chỉnh chiến lược marketing.docx
[09:06:18] - Tên gốc Word : điều chỉnh chiến lược marketing
[09:06:18] - Ảnh đại diện : D:\CodexProjects\Hotkeyvip\07_ket_qua\bai_viet\kythuatmarketing.com\điều chỉnh chiến lược marketing 1.png
[09:06:18] - Ảnh bài viết : D:\CodexProjects\Hotkeyvip\07_ket_qua\bai_viet\kythuatmarketing.com\điều chỉnh chiến lược marketing 2.png

[09:06:19] ------------------------------------------------------------------------
[09:06:19] Dòng Excel     : 1092
[09:06:19] File Word      : D:\CodexProjects\Hotkeyvip\07_ket_qua\bai_viet\kythuatmarketing.com\chiến lược cạnh tranh marketing.docx
[09:06:19] URL CMS        : https://kythuatmarketing.com/admin/news_tb/field/root_id=999
[09:06:19] Ảnh đại diện   : D:\CodexProjects\Hotkeyvip\07_ket_qua\bai_viet\kythuatmarketing.com\chiến lược cạnh tranh marketing 1.png
[09:06:19] Ảnh bài viết   : D:\CodexProjects\Hotkeyvip\07_ket_qua\bai_viet\kythuatmarketing.com\chiến lược cạnh tranh marketing 2.png
[09:06:19] ------------------------------------------------------------------------
[09:06:19]     Đang chờ lượt mở CMS/đăng nhập (không cho nhiều worker vào website cùng lúc)...
[09:06:19]     Đã đến lượt worker mở CMS/đăng nhập.
[09:06:20]     Đã ở đúng trang đăng bài, không cần đăng nhập.
[09:06:20]     OK: đã chuyển sang URL sau khi lưu: https://kythuatmarketing.com/admin/news_tb/list/root_id=999
[09:06:20]     Không thấy đúng một URL công khai chắc chắn trong hàng bài → để trống URL đã đăng.
[09:06:20]     ID CMS vừa đăng: 3212

[09:06:20] ========================================================================
[09:06:20] ĐÃ LƯU XONG BÀI 18/23
[09:06:20] - Dòng Excel: 1091
[09:06:20] - HTML trước/sau: 49522/33401 ký tự
[09:06:20] - URL CMS sau khi lưu: https://kythuatmarketing.com/admin/news_tb/list/root_id=999
[09:06:20] ========================================================================
[09:06:21] Không thấy tiêu đề FAQ → lấy nội dung đến cuối Word.
[09:06:21] Đã lấy HTML trực tiếp từ Clipboard Word, độ dài: 31605 ký tự.
[09:06:22]     DANH_MUC_ID đã có: kythuatmarketing.com | Doanh nghiệp | ID 6
[09:06:22] [3] Điền 5 ô đầu...
[09:06:22] Không có FAQ trong 50 đoạn cuối Word → bỏ qua bước FAQ.
[09:06:22] [OK] Worker 2 xong dòng 1091 | 18/23
[09:06:22] [6] Chọn Danh mục / Tác giả từ dữ liệu đã chốt...
[09:06:23] [GIAO] Worker 2 <- dòng 1096 | kythuatmarketing.com | bài kế tiếp sau 1.9s

[09:06:23] [WORKER 2] BẮT ĐẦU DÒNG 1096

[09:06:23] ========================================================================
[09:06:23] BẮT ĐẦU BÀI 23/23
[09:06:23] ========================================================================
[09:06:23] Đã mở Select2 Danh mục.
[09:06:23] Đã chọn Danh mục: Doanh nghiệp
[09:06:24] Đã tải xong ô Select2 Tác giả.

[09:06:24] ------------------------------------------------------------------------
[09:06:24] Dòng Excel     : 1093
[09:06:24] File Word      : D:\CodexProjects\Hotkeyvip\07_ket_qua\bai_viet\kythuatmarketing.com\sai lầm chiến lược marketing.docx
[09:06:24] URL CMS        : https://kythuatmarketing.com/admin/news_tb/field/root_id=999
[09:06:24] Ảnh đại diện   : D:\CodexProjects\Hotkeyvip\07_ket_qua\bai_viet\kythuatmarketing.com\sai lầm chiến lược marketing 1.png
[09:06:24] Ảnh bài viết   : D:\CodexProjects\Hotkeyvip\07_ket_qua\bai_viet\kythuatmarketing.com\sai lầm chiến lược marketing 2.png
[09:06:24] ------------------------------------------------------------------------
[09:06:24]     Đang chờ lượt mở CMS/đăng nhập (không cho nhiều worker vào website cùng lúc)...
[09:06:24]     Đã đến lượt worker mở CMS/đăng nhập.
[09:06:24] Đã random Tác giả từ CMS: Cao Minh Hải Đăng

[09:06:24] Kết quả Danh mục/Tác giả:
[09:06:24] - Trạng thái: OK
[09:06:24] - Danh mục  : Doanh nghiệp
[09:06:24] - Tác giả   : Cao Minh Hải Đăng
[09:06:24] [4] Đưa Edge lên trước và focus CKEditor detail...
[09:06:25]     Đã ở đúng trang đăng bài, không cần đăng nhập.
[09:06:25] [1] Đã chọn dòng 1096: xu hướng chiến lược marketing
[09:06:25]     Word chạy nền, không hiện cửa sổ.
[09:06:25]     File: D:\CodexProjects\Hotkeyvip\07_ket_qua\bai_viet\kythuatmarketing.com\xu hướng chiến lược marketing.docx
[09:06:25]     Dòng Excel được truyền trực tiếp: 1096

[09:06:25] Đối chiếu tài nguyên đăng bài:
[09:06:25] - File Word     : D:\CodexProjects\Hotkeyvip\07_ket_qua\bai_viet\kythuatmarketing.com\xu hướng chiến lược marketing.docx
[09:06:25] - Tên gốc Word : xu hướng chiến lược marketing
[09:06:25] - Ảnh đại diện : D:\CodexProjects\Hotkeyvip\07_ket_qua\bai_viet\kythuatmarketing.com\xu hướng chiến lược marketing 1.png
[09:06:25] - Ảnh bài viết : D:\CodexProjects\Hotkeyvip\07_ket_qua\bai_viet\kythuatmarketing.com\xu hướng chiến lược marketing 2.png
[09:06:25] [5] Đưa HTML Word vào CKEditor detail...
[09:06:26] Đã nạp CKEditor, độ dài HTML: 28821
[09:06:27] [7] Tạo đủ block và dán FAQ một lượt...

[09:06:27] Kết quả FAQ:
[09:06:27] - Trạng thái: SKIP
[09:06:27] - Số cặp    : 0
[09:06:27] [3] Upload ảnh đại diện...
[09:06:27]     OK: đã gửi ảnh đại diện
[09:06:27] [4] Mở popup ảnh CKEditor...
[09:06:27] [3] Điền 5 ô đầu...
[09:06:27] [5] Click tab Tải lên...
[09:06:27] [6] Chọn Danh mục / Tác giả từ dữ liệu đã chốt...
[09:06:28] [6] Chọn ảnh bài viết...
[09:06:28]     D:\CodexProjects\Hotkeyvip\07_ket_qua\bai_viet\kythuatmarketing.com\chiến lược cạnh tranh marketing 2.png
[09:06:28]     OK: đã chọn file trong popup
[09:06:28] [7] Click Tải lên máy chủ...
[09:06:28] [8] Chờ server trả URL ảnh...
[09:06:28] Đã mở Select2 Danh mục.
[09:06:28] Đã chọn Danh mục: Doanh nghiệp
[09:06:28]     URL: /uploads/images/editor/chien-luoc-canh-tranh-marketing-2.png
[09:06:28] [9] Click Đồng ý...
[09:06:29] Đã tìm thấy phần FAQ → chỉ lấy nội dung chính trước FAQ.
[09:06:29]     OK: ảnh đã được chèn vào CKEditor
[09:06:29] [13] Lấy và gom HTML trực tiếp trong CKEditor...
[09:06:29]     OK: đã gom HTML bằng Python
[09:06:29]     HTML trước : 29005 ký tự
[09:06:29]     HTML sau   : 17786 ký tự
[09:06:29]     Số ảnh     : 1
[09:06:29]     Số H2/H3   : 6/11
[09:06:29] [14] Kiểm tra bảo hiểm ngay trước khi Save...
[09:06:29]     OK: Title, H1, Keyword, Danh mục, ảnh, H2 và bullet đều hợp lệ.
[09:06:29] [14] Click nút lưu bài...

[09:06:29] ------------------------------------------------------------------------
[09:06:29] Dòng Excel     : 1095
[09:06:29] File Word      : D:\CodexProjects\Hotkeyvip\07_ket_qua\bai_viet\kythuatmarketing.com\điều chỉnh chiến lược marketing.docx
[09:06:29] URL CMS        : https://kythuatmarketing.com/admin/news_tb/field/root_id=999
[09:06:29] Ảnh đại diện   : D:\CodexProjects\Hotkeyvip\07_ket_qua\bai_viet\kythuatmarketing.com\điều chỉnh chiến lược marketing 1.png
[09:06:29] Ảnh bài viết   : D:\CodexProjects\Hotkeyvip\07_ket_qua\bai_viet\kythuatmarketing.com\điều chỉnh chiến lược marketing 2.png
[09:06:29] ------------------------------------------------------------------------
[09:06:29]     Đang chờ lượt mở CMS/đăng nhập (không cho nhiều worker vào website cùng lúc)...
[09:06:29]     Đã đến lượt worker mở CMS/đăng nhập.
[09:06:29] Đã lấy HTML trực tiếp từ Clipboard Word, độ dài: 67688 ký tự.
[09:06:29] Đã tải xong ô Select2 Tác giả.
[09:06:29] Đã random Tác giả từ CMS: Cao Minh Hải Đăng

[09:06:29] Kết quả Danh mục/Tác giả:
[09:06:29] - Trạng thái: OK
[09:06:29] - Danh mục  : Doanh nghiệp
[09:06:29] - Tác giả   : Cao Minh Hải Đăng
[09:06:29] [4] Đưa Edge lên trước và focus CKEditor detail...
[09:06:30] Đã đọc được 6 cặp FAQ hợp lệ từ Word.

[09:06:30] ------------------------------------------------------------------------
[09:06:30] Dòng Excel     : 1094
[09:06:30] File Word      : D:\CodexProjects\Hotkeyvip\07_ket_qua\bai_viet\kythuatmarketing.com\đánh giá chiến lược marketing.docx
[09:06:30] URL CMS        : https://kythuatmarketing.com/admin/news_tb/field/root_id=999
[09:06:30] Ảnh đại diện   : D:\CodexProjects\Hotkeyvip\07_ket_qua\bai_viet\kythuatmarketing.com\đánh giá chiến lược marketing 1.png
[09:06:30] Ảnh bài viết   : D:\CodexProjects\Hotkeyvip\07_ket_qua\bai_viet\kythuatmarketing.com\đánh giá chiến lược marketing 2.png
[09:06:30] ------------------------------------------------------------------------
[09:06:30]     Đang chờ lượt mở CMS/đăng nhập (không cho nhiều worker vào website cùng lúc)...
[09:06:30]     Phát hiện trang đăng nhập → tự nhập ID và mật khẩu...
[09:06:31] [5] Đưa HTML Word vào CKEditor detail...
[09:06:31]     Đã nhập đủ ID/mật khẩu → click ĐĂNG NHẬP một lần.
[09:06:31] Đã nạp CKEditor, độ dài HTML: 36429
[09:06:31]     OK: đã chuyển sang URL sau khi lưu: https://kythuatmarketing.com/admin/news_tb/list/root_id=999
[09:06:31]     Không thấy đúng một URL công khai chắc chắn trong hàng bài → để trống URL đã đăng.
[09:06:31]     ID CMS vừa đăng: 3213

[09:06:31] ========================================================================
[09:06:31] ĐÃ LƯU XONG BÀI 19/23
[09:06:31] - Dòng Excel: 1092
[09:06:31] - HTML trước/sau: 29005/17786 ký tự
[09:06:31] - URL CMS sau khi lưu: https://kythuatmarketing.com/admin/news_tb/list/root_id=999
[09:06:31] ========================================================================
[09:06:32] [7] Tạo đủ block và dán FAQ một lượt...
[09:06:32] Đã tạo đủ 6 block FAQ.
[09:06:32] Đã dán một lượt 6 cặp FAQ.

[09:06:32] Kết quả FAQ:
[09:06:32] - Trạng thái: OK
[09:06:32] - Số cặp    : 6
[09:06:32] [3] Upload ảnh đại diện...
[09:06:32]     OK: đã gửi ảnh đại diện
[09:06:32] [4] Mở popup ảnh CKEditor...
[09:06:32]     DANH_MUC_ID đã có: kythuatmarketing.com | Doanh nghiệp | ID 6
[09:06:33]     Đăng nhập thành công, đã vào đúng trang đăng bài.
[09:06:33] [5] Click tab Tải lên...
[09:06:33] [6] Chọn ảnh bài viết...
[09:06:33]     D:\CodexProjects\Hotkeyvip\07_ket_qua\bai_viet\kythuatmarketing.com\sai lầm chiến lược marketing 2.png
[09:06:33]     OK: đã chọn file trong popup
[09:06:33] [7] Click Tải lên máy chủ...
[09:06:34] [8] Chờ server trả URL ảnh...
[09:06:34]     Đã gắn Note kiểm tra vào ô URL đã đăng, dòng 1092.
[09:06:34] [OK] Worker 4 xong dòng 1092 | 19/23
[09:06:34]     URL: /uploads/images/editor/sai-lam-chien-luoc-marketing-2.png
[09:06:34] [9] Click Đồng ý...
[09:06:34]     OK: ảnh đã được chèn vào CKEditor
[09:06:34] [13] Lấy và gom HTML trực tiếp trong CKEditor...
[09:06:34]     OK: đã gom HTML bằng Python
[09:06:34]     HTML trước : 36597 ký tự
[09:06:34]     HTML sau   : 25946 ký tự
[09:06:34]     Số ảnh     : 1
[09:06:34]     Số H2/H3   : 7/6
[09:06:34] [14] Kiểm tra bảo hiểm ngay trước khi Save...
[09:06:34]     OK: Title, H1, Keyword, Danh mục, ảnh, H2 và bullet đều hợp lệ.
[09:06:34] [14] Click nút lưu bài...
[09:06:36] [3] Điền 5 ô đầu...
[09:06:36]     Đã đến lượt worker mở CMS/đăng nhập.
[09:06:36] [6] Chọn Danh mục / Tác giả từ dữ liệu đã chốt...
[09:06:37]     Phát hiện trang đăng nhập → tự nhập ID và mật khẩu...
[09:06:37] Đã mở Select2 Danh mục.
[09:06:37] Đã chọn Danh mục: Doanh nghiệp
[09:06:37]     Đã nhập đủ ID/mật khẩu → click ĐĂNG NHẬP một lần.
[09:06:37]     OK: đã chuyển sang URL sau khi lưu: https://kythuatmarketing.com/admin/news_tb/list/root_id=999
[09:06:37]     Không thấy đúng một URL công khai chắc chắn trong hàng bài → để trống URL đã đăng.
[09:06:37]     ID CMS vừa đăng: 3214

[09:06:37] ========================================================================
[09:06:37] ĐÃ LƯU XONG BÀI 20/23
[09:06:37] - Dòng Excel: 1093
[09:06:37] - HTML trước/sau: 36597/25946 ký tự
[09:06:37] - URL CMS sau khi lưu: https://kythuatmarketing.com/admin/news_tb/list/root_id=999
[09:06:37] ========================================================================
[09:06:38] Đã tải xong ô Select2 Tác giả.
[09:06:38]     DANH_MUC_ID đã có: kythuatmarketing.com | Doanh nghiệp | ID 6
[09:06:38] Đã random Tác giả từ CMS: Bùi Vũ Nhật Huy

[09:06:38] Kết quả Danh mục/Tác giả:
[09:06:38] - Trạng thái: OK
[09:06:38] - Danh mục  : Doanh nghiệp
[09:06:38] - Tác giả   : Bùi Vũ Nhật Huy
[09:06:38] [4] Đưa Edge lên trước và focus CKEditor detail...
[09:06:39]     Đăng nhập thành công, đã vào đúng trang đăng bài.
[09:06:39] [OK] Worker 5 xong dòng 1093 | 20/23
[09:06:39] [5] Đưa HTML Word vào CKEditor detail...
[09:06:39] Đã nạp CKEditor, độ dài HTML: 18552
[09:06:40] [7] Tạo đủ block và dán FAQ một lượt...

[09:06:40] Kết quả FAQ:
[09:06:40] - Trạng thái: SKIP
[09:06:40] - Số cặp    : 0
[09:06:40] [3] Upload ảnh đại diện...
[09:06:41]     OK: đã gửi ảnh đại diện
[09:06:41] [4] Mở popup ảnh CKEditor...
[09:06:41] [5] Click tab Tải lên...
[09:06:41] [3] Điền 5 ô đầu...
[09:06:41] [6] Chọn ảnh bài viết...
[09:06:41]     D:\CodexProjects\Hotkeyvip\07_ket_qua\bai_viet\kythuatmarketing.com\điều chỉnh chiến lược marketing 2.png
[09:06:41]     OK: đã chọn file trong popup
[09:06:41] [7] Click Tải lên máy chủ...
[09:06:42] [8] Chờ server trả URL ảnh...
[09:06:42] [6] Chọn Danh mục / Tác giả từ dữ liệu đã chốt...
[09:06:42]     URL: /uploads/images/editor/dieu-chinh-chien-luoc-marketing-2.png
[09:06:42] [9] Click Đồng ý...
[09:06:42] Đã mở Select2 Danh mục.
[09:06:43]     OK: ảnh đã được chèn vào CKEditor
[09:06:43] [13] Lấy và gom HTML trực tiếp trong CKEditor...
[09:06:43] Đã chọn Danh mục: Doanh nghiệp
[09:06:43]     OK: đã gom HTML bằng Python
[09:06:43]     HTML trước : 18736 ký tự
[09:06:43]     HTML sau   : 11933 ký tự
[09:06:43]     Số ảnh     : 1
[09:06:43]     Số H2/H3   : 4/8
[09:06:43] [14] Kiểm tra bảo hiểm ngay trước khi Save...
[09:06:43]     OK: Title, H1, Keyword, Danh mục, ảnh, H2 và bullet đều hợp lệ.
[09:06:43] [14] Click nút lưu bài...

[09:06:44] ------------------------------------------------------------------------
[09:06:44] Dòng Excel     : 1096
[09:06:44] File Word      : D:\CodexProjects\Hotkeyvip\07_ket_qua\bai_viet\kythuatmarketing.com\xu hướng chiến lược marketing.docx
[09:06:44] URL CMS        : https://kythuatmarketing.com/admin/news_tb/field/root_id=999
[09:06:44] Ảnh đại diện   : D:\CodexProjects\Hotkeyvip\07_ket_qua\bai_viet\kythuatmarketing.com\xu hướng chiến lược marketing 1.png
[09:06:44] Ảnh bài viết   : D:\CodexProjects\Hotkeyvip\07_ket_qua\bai_viet\kythuatmarketing.com\xu hướng chiến lược marketing 2.png
[09:06:44] ------------------------------------------------------------------------
[09:06:44]     Đang chờ lượt mở CMS/đăng nhập (không cho nhiều worker vào website cùng lúc)...
[09:06:44]     Đã đến lượt worker mở CMS/đăng nhập.
[09:06:44] Đã tải xong ô Select2 Tác giả.
[09:06:44]     Đã ở đúng trang đăng bài, không cần đăng nhập.
[09:06:44] Đã random Tác giả từ CMS: Bùi Vũ Nhật Huy

[09:06:44] Kết quả Danh mục/Tác giả:
[09:06:44] - Trạng thái: OK
[09:06:44] - Danh mục  : Doanh nghiệp
[09:06:44] - Tác giả   : Bùi Vũ Nhật Huy
[09:06:44] [4] Đưa Edge lên trước và focus CKEditor detail...
[09:06:45] [5] Đưa HTML Word vào CKEditor detail...
[09:06:45]     OK: đã chuyển sang URL sau khi lưu: https://kythuatmarketing.com/admin/news_tb/list/root_id=999
[09:06:45]     Không thấy đúng một URL công khai chắc chắn trong hàng bài → để trống URL đã đăng.
[09:06:45]     ID CMS vừa đăng: 3215

[09:06:45] ========================================================================
[09:06:45] ĐÃ LƯU XONG BÀI 22/23
[09:06:45] - Dòng Excel: 1095
[09:06:45] - HTML trước/sau: 18736/11933 ký tự
[09:06:45] - URL CMS sau khi lưu: https://kythuatmarketing.com/admin/news_tb/list/root_id=999
[09:06:45] ========================================================================
[09:06:45] Đã nạp CKEditor, độ dài HTML: 36722
[09:06:46] [3] Điền 5 ô đầu...
[09:06:46] [7] Tạo đủ block và dán FAQ một lượt...
[09:06:46]     DANH_MUC_ID đã có: kythuatmarketing.com | Doanh nghiệp | ID 6
[09:06:47] Đã tạo đủ 5 block FAQ.
[09:06:47] [6] Chọn Danh mục / Tác giả từ dữ liệu đã chốt...
[09:06:47] Đã dán một lượt 5 cặp FAQ.

[09:06:47] Kết quả FAQ:
[09:06:47] - Trạng thái: OK
[09:06:47] - Số cặp    : 5
[09:06:47] [3] Upload ảnh đại diện...
[09:06:47]     OK: đã gửi ảnh đại diện
[09:06:47] [4] Mở popup ảnh CKEditor...
[09:06:47] Đã mở Select2 Danh mục.
[09:06:47]     Đã gắn Note kiểm tra vào ô URL đã đăng, dòng 1095.
[09:06:47] [OK] Worker 3 xong dòng 1095 | 21/23
[09:06:47] Đã chọn Danh mục: Doanh nghiệp
[09:06:48] [5] Click tab Tải lên...
[09:06:48] [6] Chọn ảnh bài viết...
[09:06:48]     D:\CodexProjects\Hotkeyvip\07_ket_qua\bai_viet\kythuatmarketing.com\đánh giá chiến lược marketing 2.png
[09:06:48]     OK: đã chọn file trong popup
[09:06:48] [7] Click Tải lên máy chủ...
[09:06:48] [8] Chờ server trả URL ảnh...
[09:06:48] Đã tải xong ô Select2 Tác giả.
[09:06:49]     URL: /uploads/images/editor/danh-gia-chien-luoc-marketing-2.png
[09:06:49] [9] Click Đồng ý...
[09:06:49] Đã random Tác giả từ CMS: Đinh Trần Công Phúc

[09:06:49] Kết quả Danh mục/Tác giả:
[09:06:49] - Trạng thái: OK
[09:06:49] - Danh mục  : Doanh nghiệp
[09:06:49] - Tác giả   : Đinh Trần Công Phúc
[09:06:49] [4] Đưa Edge lên trước và focus CKEditor detail...
[09:06:49]     OK: ảnh đã được chèn vào CKEditor
[09:06:49] [13] Lấy và gom HTML trực tiếp trong CKEditor...
[09:06:49]     OK: đã gom HTML bằng Python
[09:06:49]     HTML trước : 36908 ký tự
[09:06:49]     HTML sau   : 23976 ký tự
[09:06:49]     Số ảnh     : 1
[09:06:49]     Số H2/H3   : 7/6
[09:06:49] [14] Kiểm tra bảo hiểm ngay trước khi Save...
[09:06:49]     OK: Title, H1, Keyword, Danh mục, ảnh, H2 và bullet đều hợp lệ.
[09:06:49] [14] Click nút lưu bài...
[09:06:50] [5] Đưa HTML Word vào CKEditor detail...
[09:06:50] Đã nạp CKEditor, độ dài HTML: 44111
[09:06:51] [7] Tạo đủ block và dán FAQ một lượt...
[09:06:52] Đã tạo đủ 6 block FAQ.
[09:06:52] Đã dán một lượt 6 cặp FAQ.

[09:06:52] Kết quả FAQ:
[09:06:52] - Trạng thái: OK
[09:06:52] - Số cặp    : 6
[09:06:52] [3] Upload ảnh đại diện...
[09:06:52]     OK: đã gửi ảnh đại diện
[09:06:52] [4] Mở popup ảnh CKEditor...
[09:06:52]     OK: đã chuyển sang URL sau khi lưu: https://kythuatmarketing.com/admin/news_tb/list/root_id=999
[09:06:52]     Không thấy đúng một URL công khai chắc chắn trong hàng bài → để trống URL đã đăng.
[09:06:52]     ID CMS vừa đăng: 3216

[09:06:52] ========================================================================
[09:06:52] ĐÃ LƯU XONG BÀI 21/23
[09:06:52] - Dòng Excel: 1094
[09:06:52] - HTML trước/sau: 36908/23976 ký tự
[09:06:52] - URL CMS sau khi lưu: https://kythuatmarketing.com/admin/news_tb/list/root_id=999
[09:06:52] ========================================================================
[09:06:52] [5] Click tab Tải lên...
[09:06:53] [6] Chọn ảnh bài viết...
[09:06:53]     D:\CodexProjects\Hotkeyvip\07_ket_qua\bai_viet\kythuatmarketing.com\xu hướng chiến lược marketing 2.png
[09:06:53]     OK: đã chọn file trong popup
[09:06:53] [7] Click Tải lên máy chủ...
[09:06:53]     DANH_MUC_ID đã có: kythuatmarketing.com | Doanh nghiệp | ID 6
[09:06:53] [8] Chờ server trả URL ảnh...
[09:06:53]     URL: /uploads/images/editor/xu-huong-chien-luoc-marketing-2.png
[09:06:53] [9] Click Đồng ý...
[09:06:54] [OK] Worker 1 xong dòng 1094 | 22/23
[09:06:54]     OK: ảnh đã được chèn vào CKEditor
[09:06:54] [13] Lấy và gom HTML trực tiếp trong CKEditor...
[09:06:54]     OK: đã gom HTML bằng Python
[09:06:54]     HTML trước : 44280 ký tự
[09:06:54]     HTML sau   : 30977 ký tự
[09:06:54]     Số ảnh     : 1
[09:06:54]     Số H2/H3   : 11/9
[09:06:54] [14] Kiểm tra bảo hiểm ngay trước khi Save...
[09:06:54]     OK: Title, H1, Keyword, Danh mục, ảnh, H2 và bullet đều hợp lệ.
[09:06:54] [14] Click nút lưu bài...
[09:06:56]     OK: đã chuyển sang URL sau khi lưu: https://kythuatmarketing.com/admin/news_tb/list/root_id=999
[09:06:56]     Không thấy đúng một URL công khai chắc chắn trong hàng bài → để trống URL đã đăng.
[09:06:56]     ID CMS vừa đăng: 3217

[09:06:56] ========================================================================
[09:06:56] ĐÃ LƯU XONG BÀI 23/23
[09:06:56] - Dòng Excel: 1096
[09:06:56] - HTML trước/sau: 44280/30977 ký tự
[09:06:56] - URL CMS sau khi lưu: https://kythuatmarketing.com/admin/news_tb/list/root_id=999
[09:06:56] ========================================================================
[09:06:58]     DANH_MUC_ID đã có: kythuatmarketing.com | Doanh nghiệp | ID 6
[09:06:58] [OK] Worker 2 xong dòng 1096 | 23/23
[09:07:03] ========================================================================
[09:07:03] KẾT THÚC: hoàn thành 23/23 bài
[09:07:03] ========================================================================
[09:07:03] Thời gian kết thúc: 01/08/2026 09:07:03

========================================================================
Kết thúc: 2026-08-01 09:07:03
Mã thoát: 0
Thời gian: 234.34 giây
