HOTKEYVIP STUDIO - NHẬT KÝ CHẠY PYTHON
File: D:\CodexProjects\Hotkeyvip\03_dang_bai\V2.8_VIP_tudongdangbai_3_5_luong_kiemtra_noidung.py
Bắt đầu: 2026-08-04 08:46:12
========================================================================
[08:46:13] Thời gian bắt đầu: 04/08/2026 08:46:13
[08:46:48] ========================================================================
[08:46:48] PHIEN BAN: V2.8_VIP_tudongdangbai_3_5_luong_kiemtra_noidung
[08:46:48] ĐĂNG BÀI ĐA LUỒNG | 5 WORKER | 35 BÀI
[08:46:48] Không dùng current_row.ini; chỉ tiến trình chính ghi Excel.
[08:46:48] ========================================================================
[08:46:50]     Edge đã được ẩn trong lúc chạy.
[08:46:50] Worker 3: sẵn sàng.
[08:46:50]     Edge đã được ẩn theo lựa chọn trên bảng tiến độ.
[08:46:50] [GIAO] Worker 3 <- dòng 201 | congdongkinhdoanh.com | giao ngay cho worker rảnh

[08:46:50] [WORKER 3] BẮT ĐẦU DÒNG 201
[08:46:50]     Edge đã được ẩn trong lúc chạy.
[08:46:50]     Edge đã được ẩn theo lựa chọn trên bảng tiến độ.
[08:46:50] Worker 5: sẵn sàng.
[08:46:50] [GIAO] Worker 5 <- dòng 334 | doanhnhanduongthoi.com | giao ngay cho worker rảnh

[08:46:50] [WORKER 5] BẮT ĐẦU DÒNG 334
[08:46:51]     Edge đã được ẩn trong lúc chạy.
[08:46:51]     Edge đã được ẩn trong lúc chạy.
[08:46:51]     Edge đã được ẩn theo lựa chọn trên bảng tiến độ.Worker 1: sẵn sàng.

[08:46:51]     Edge đã được ẩn theo lựa chọn trên bảng tiến độ.
[08:46:51] [GIAO] Worker 1 <- dòng 1117 | kythuatmarketing.com | giao ngay cho worker rảnh
[08:46:51] Worker 2: sẵn sàng.
[08:46:51] [GIAO] Worker 2 <- dòng 2012 | tiepthisaigon.com.vn | giao ngay cho worker rảnh

[08:46:51] [WORKER 1] BẮT ĐẦU DÒNG 1117

[08:46:51] [WORKER 2] BẮT ĐẦU DÒNG 2012
[08:46:51]     Edge đã được ẩn trong lúc chạy.
[08:46:51]     Edge đã được ẩn theo lựa chọn trên bảng tiến độ.
[08:46:51] Worker 4: sẵn sàng.
[08:46:51] [GIAO] Worker 4 <- dòng 2846 | vinabrand.vn | giao ngay cho worker rảnh

[08:46:51] [WORKER 4] BẮT ĐẦU DÒNG 2846
[08:46:51]     Đã ở đúng trang đăng bài, không cần đăng nhập.
[08:46:51]     Phát hiện trang đăng nhập → chờ khóa Login ngắn...
[08:46:51]     Phát hiện trang đăng nhập → tự nhập ID và mật khẩu...
[08:46:52]     Phát hiện trang đăng nhập → chờ khóa Login ngắn...
[08:46:52]     Phát hiện trang đăng nhập → chờ khóa Login ngắn...
[08:46:52]     Đã nhập đủ ID/mật khẩu → click ĐĂNG NHẬP một lần.
[08:46:52]     Đã ở đúng trang đăng bài, không cần đăng nhập.
[08:46:53]     Đăng nhập thành công, đã vào đúng trang đăng bài.
[08:46:53] [1] Đã chọn dòng 201: nhất quán thương hiệu
[08:46:53]     Word chạy nền, không hiện cửa sổ.
[08:46:53]     File: D:\baivietlamviec\dangbai\congdongkinhdoanh.com\[06] 10.08.2026\nhất quán thương hiệu.docx
[08:46:53]     Dòng Excel được truyền trực tiếp: 201

[08:46:53] Đối chiếu tài nguyên đăng bài:
[08:46:53] - File Word     : D:\baivietlamviec\dangbai\congdongkinhdoanh.com\[06] 10.08.2026\nhất quán thương hiệu.docx
[08:46:53] - Tên gốc Word : nhất quán thương hiệu
[08:46:53] - Ảnh đại diện : D:\baivietlamviec\dangbai\congdongkinhdoanh.com\[06] 10.08.2026\nhất quán thương hiệu 1.png
[08:46:53] - Ảnh bài viết : D:\baivietlamviec\dangbai\congdongkinhdoanh.com\[06] 10.08.2026\nhất quán thương hiệu 2.png
[08:46:53]     Phát hiện trang đăng nhập → tự nhập ID và mật khẩu...
[08:46:54]     Đã nhập đủ ID/mật khẩu → click ĐĂNG NHẬP một lần.
[08:46:55] Đã tìm thấy phần FAQ → chỉ lấy nội dung chính trước FAQ.
[08:46:55]     Waiting for Word Clipboard transfer...
[08:46:55] Đã lấy HTML trực tiếp từ Clipboard Word, độ dài: 26173 ký tự.
[08:46:56] Đã đọc được 3 cặp FAQ hợp lệ từ Word.
[08:46:56] [1] Đã chọn dòng 334: tư duy lãnh đạo và quản lý
[08:46:56]     Word chạy nền, không hiện cửa sổ.
[08:46:56]     File: D:\CodexProjects\Hotkeyvip\07_ket_qua\bai_viet\[02] 30.07.2026\tư duy lãnh đạo và quản lý.docx
[08:46:56]     Dòng Excel được truyền trực tiếp: 334

[08:46:56] Đối chiếu tài nguyên đăng bài:
[08:46:56] - File Word     : D:\CodexProjects\Hotkeyvip\07_ket_qua\bai_viet\[02] 30.07.2026\tư duy lãnh đạo và quản lý.docx
[08:46:56] - Tên gốc Word : tư duy lãnh đạo và quản lý
[08:46:56] - Ảnh đại diện : D:\CodexProjects\Hotkeyvip\07_ket_qua\bai_viet\[02] 30.07.2026\tư duy lãnh đạo và quản lý 1.png
[08:46:56] - Ảnh bài viết : D:\CodexProjects\Hotkeyvip\07_ket_qua\bai_viet\[02] 30.07.2026\tư duy lãnh đạo và quản lý 2.png
[08:46:58] [1] Đã chọn dòng 1117: quản lý kế hoạch marketing
[08:46:58]     Word chạy nền, không hiện cửa sổ.
[08:46:58]     File: D:\CodexProjects\Hotkeyvip\07_ket_qua\bai_viet\kythuatmarketing.com\quản lý kế hoạch marketing.docx
[08:46:58]     Dòng Excel được truyền trực tiếp: 1117

[08:46:58] Đối chiếu tài nguyên đăng bài:
[08:46:58] - File Word     : D:\CodexProjects\Hotkeyvip\07_ket_qua\bai_viet\kythuatmarketing.com\quản lý kế hoạch marketing.docx
[08:46:58] - Tên gốc Word : quản lý kế hoạch marketing
[08:46:58] - Ảnh đại diện : D:\CodexProjects\Hotkeyvip\07_ket_qua\bai_viet\kythuatmarketing.com\quản lý kế hoạch marketing 1.png
[08:46:58] - Ảnh bài viết : D:\CodexProjects\Hotkeyvip\07_ket_qua\bai_viet\kythuatmarketing.com\quản lý kế hoạch marketing 2.png
[08:46:58]     Đăng nhập thành công, đã vào đúng trang đăng bài.
[08:46:58]     Phát hiện trang đăng nhập → tự nhập ID và mật khẩu...
[08:46:59]     Đã nhập đủ ID/mật khẩu → click ĐĂNG NHẬP một lần.
[08:47:00] [1] Đã chọn dòng 2012: quản trị doanh nghiệp
[08:47:00]     Word chạy nền, không hiện cửa sổ.
[08:47:00]     File: D:\CodexProjects\Hotkeyvip\07_ket_qua\bai_viet\tiepthisaigon.com.vn\quản trị doanh nghiệp.docx
[08:47:00]     Dòng Excel được truyền trực tiếp: 2012

[08:47:00] Đối chiếu tài nguyên đăng bài:
[08:47:00] - File Word     : D:\CodexProjects\Hotkeyvip\07_ket_qua\bai_viet\tiepthisaigon.com.vn\quản trị doanh nghiệp.docx
[08:47:00] - Tên gốc Word : quản trị doanh nghiệp
[08:47:00] - Ảnh đại diện : D:\CodexProjects\Hotkeyvip\07_ket_qua\bai_viet\tiepthisaigon.com.vn\quản trị doanh nghiệp 1.png
[08:47:00] - Ảnh bài viết : D:\CodexProjects\Hotkeyvip\07_ket_qua\bai_viet\tiepthisaigon.com.vn\quản trị doanh nghiệp 2.png
[08:47:00] Đã tìm thấy phần FAQ → chỉ lấy nội dung chính trước FAQ.
[08:47:00]     Waiting for Word Clipboard transfer...
[08:47:01] Đã lấy HTML trực tiếp từ Clipboard Word, độ dài: 73977 ký tự.
[08:47:02] Đã đọc được 5 cặp FAQ hợp lệ từ Word.
[08:47:02] [PIPELINE] Word ready in RAM: row 201 | D:\baivietlamviec\dangbai\congdongkinhdoanh.com\[06] 10.08.2026\nhất quán thương hiệu.docx

[08:47:02] ========================================================================
[08:47:02] BẮT ĐẦU BÀI 1/35
[08:47:02] ========================================================================
[08:47:02] [PIPELINE] Using Word data already prepared in RAM.
[08:47:02]     Excel row : 201
[08:47:02]     Word file : D:\baivietlamviec\dangbai\congdongkinhdoanh.com\[06] 10.08.2026\nhất quán thương hiệu.docx
[08:47:02]     CMS URL   : https://congdongkinhdoanh.com/admin/news_tb/field/root_id=999
[08:47:02]     Đã ở đúng trang đăng bài, không cần đăng nhập.
[08:47:02] [3] Điền 5 ô đầu...
[08:47:03] Đã tìm thấy phần FAQ → chỉ lấy nội dung chính trước FAQ.
[08:47:03]     Waiting for Word Clipboard transfer...
[08:47:03] [1] Đã chọn dòng 2846: doanh nhân Việt Nam
[08:47:03]     Word chạy nền, không hiện cửa sổ.
[08:47:03]     File: D:\CodexProjects\Hotkeyvip\07_ket_qua\bai_viet\vinabrand.vn\doanh nhân Việt Nam.docx
[08:47:03]     Dòng Excel được truyền trực tiếp: 2846

[08:47:03] Đối chiếu tài nguyên đăng bài:
[08:47:03] - File Word     : D:\CodexProjects\Hotkeyvip\07_ket_qua\bai_viet\vinabrand.vn\doanh nhân Việt Nam.docx
[08:47:03] - Tên gốc Word : doanh nhân Việt Nam
[08:47:03] - Ảnh đại diện : D:\CodexProjects\Hotkeyvip\07_ket_qua\bai_viet\vinabrand.vn\doanh nhân Việt Nam 1.png
[08:47:03] - Ảnh bài viết : D:\CodexProjects\Hotkeyvip\07_ket_qua\bai_viet\vinabrand.vn\doanh nhân Việt Nam 2.png
[08:47:03] Đã lấy HTML trực tiếp từ Clipboard Word, độ dài: 76737 ký tự.
[08:47:03] [6] Chọn Danh mục / Tác giả từ dữ liệu đã chốt...
[08:47:04] Đã mở Select2 Danh mục.
[08:47:04] Đã đọc được 4 cặp FAQ hợp lệ từ Word.
[08:47:04] Đã chọn Danh mục: Thương hiệu
[08:47:05] Đã tải xong ô Select2 Tác giả.
[08:47:05] Đã random Tác giả từ CMS: Bùi Đức Nhật

[08:47:05] Kết quả Danh mục/Tác giả:
[08:47:05] - Trạng thái: OK
[08:47:05] - Danh mục  : Thương hiệu
[08:47:05] - Tác giả   : Bùi Đức Nhật
[08:47:05] [4] Đưa Edge lên trước và focus CKEditor detail...
[08:47:06] [5] Đưa HTML Word vào CKEditor detail...
[08:47:06] Đã nạp CKEditor, độ dài HTML: 12091
[08:47:06] Đã tìm thấy phần FAQ → chỉ lấy nội dung chính trước FAQ.
[08:47:06]     Waiting for Word Clipboard transfer...
[08:47:07]     Đăng nhập thành công, đã vào đúng trang đăng bài.
[08:47:07] Đã lấy HTML trực tiếp từ Clipboard Word, độ dài: 47718 ký tự.
[08:47:07] [7] Tạo đủ block và dán FAQ một lượt...
[08:47:07] Đã đọc được 5 cặp FAQ hợp lệ từ Word.
[08:47:08] Đã tạo đủ 3 block FAQ.
[08:47:08] Đã dán một lượt 3 cặp FAQ.

[08:47:08] Kết quả FAQ:
[08:47:08] - Trạng thái: OK
[08:47:08] - Số cặp    : 3
[08:47:08] [3] Upload ảnh đại diện...
[08:47:08]     OK: đã gửi ảnh đại diện
[08:47:08] [4] Mở popup ảnh CKEditor...
[08:47:09] Đã tìm thấy phần FAQ → chỉ lấy nội dung chính trước FAQ.
[08:47:09]     Waiting for Word Clipboard transfer...
[08:47:09] Đã lấy HTML trực tiếp từ Clipboard Word, độ dài: 129716 ký tự.
[08:47:09] [5] Click tab Tải lên...
[08:47:09] [6] Chọn ảnh bài viết...
[08:47:09]     D:\baivietlamviec\dangbai\congdongkinhdoanh.com\[06] 10.08.2026\nhất quán thương hiệu 2.png
[08:47:09]     OK: đã chọn file trong popup
[08:47:09] [7] Click Tải lên máy chủ...
[08:47:10] [8] Chờ server trả URL ảnh...
[08:47:10] Đã đọc được 6 cặp FAQ hợp lệ từ Word.
[08:47:10]     URL: /uploads/images/editor/nhat-quan-thuong-hieu-2.png
[08:47:10] [9] Click Đồng ý...
[08:47:11]     OK: ảnh đã được chèn vào CKEditor
[08:47:11] [13] Lấy và gom HTML trực tiếp trong CKEditor...
[08:47:11]     OK: đã gom HTML bằng Python
[08:47:11]     HTML trước : 12249 ký tự
[08:47:11]     HTML sau   : 7074 ký tự
[08:47:11]     Số ảnh     : 1
[08:47:11]     Số H2/H3   : 7/0
[08:47:11] [CONTENT CHECK] OK: 12 Word markers found in CKEditor.
[08:47:11] [14] Kiểm tra bảo hiểm ngay trước khi Save...
[08:47:11]     OK: Title, H1, Keyword, Danh mục, ảnh, H2 và bullet đều hợp lệ.
[08:47:11]     Đang chờ khóa Save/Xác nhận ID của đúng tên miền...
[08:47:11]     Đã đến lượt Save/Xác nhận ID của tên miền này.
[08:47:11] [14] Click nút lưu bài...
[08:47:14]     OK: đã chuyển sang URL sau khi lưu: https://congdongkinhdoanh.com/admin/news_tb/list/root_id=999
[08:47:14]     Không thấy đúng một URL công khai chắc chắn trong hàng bài → để trống URL đã đăng.
[08:47:14]     ID CMS vừa đăng: 4132

[08:47:14] ========================================================================
[08:47:14] ĐÃ LƯU XONG BÀI 1/35
[08:47:14] - Dòng Excel: 201
[08:47:14] - HTML trước/sau: 12249/7074 ký tự
[08:47:14] - URL CMS sau khi lưu: https://congdongkinhdoanh.com/admin/news_tb/list/root_id=999
[08:47:14] ========================================================================
[08:47:14] [OK] Worker 3 xong dòng 201 | 1/35
[08:47:14] [GIAO] Worker 3 <- dòng 202 | congdongkinhdoanh.com | giao ngay cho worker rảnh

[08:47:14] [WORKER 3] BẮT ĐẦU DÒNG 202
[08:47:14]     Đã ở đúng trang đăng bài, không cần đăng nhập.
[08:47:14]     DANH_MUC_ID đã có: congdongkinhdoanh.com | Thương hiệu | ID 5
[08:47:16] [1] Đã chọn dòng 202: xây thương hiệu hay mở rộng thị trường
[08:47:16]     Word chạy nền, không hiện cửa sổ.
[08:47:16]     File: D:\baivietlamviec\dangbai\congdongkinhdoanh.com\[06] 10.08.2026\xây thương hiệu hay mở rộng thị trường.docx
[08:47:16]     Dòng Excel được truyền trực tiếp: 202

[08:47:16] Đối chiếu tài nguyên đăng bài:
[08:47:16] - File Word     : D:\baivietlamviec\dangbai\congdongkinhdoanh.com\[06] 10.08.2026\xây thương hiệu hay mở rộng thị trường.docx
[08:47:16] - Tên gốc Word : xây thương hiệu hay mở rộng thị trường
[08:47:16] - Ảnh đại diện : D:\baivietlamviec\dangbai\congdongkinhdoanh.com\[06] 10.08.2026\xây thương hiệu hay mở rộng thị trường 1.png
[08:47:16] - Ảnh bài viết : D:\baivietlamviec\dangbai\congdongkinhdoanh.com\[06] 10.08.2026\xây thương hiệu hay mở rộng thị trường 2.png
[08:47:18] Đã tìm thấy phần FAQ → chỉ lấy nội dung chính trước FAQ.
[08:47:18]     Waiting for Word Clipboard transfer...
[08:47:19] Đã lấy HTML trực tiếp từ Clipboard Word, độ dài: 29209 ký tự.
[08:47:19] Đã đọc được 4 cặp FAQ hợp lệ từ Word.
[08:47:19] [PIPELINE] Word ready in RAM: row 1117 | D:\CodexProjects\Hotkeyvip\07_ket_qua\bai_viet\kythuatmarketing.com\quản lý kế hoạch marketing.docx

[08:47:19] ========================================================================
[08:47:19] BẮT ĐẦU BÀI 12/35
[08:47:19] ========================================================================
[08:47:19] [PIPELINE] Using Word data already prepared in RAM.
[08:47:19]     Excel row : 1117
[08:47:19]     Word file : D:\CodexProjects\Hotkeyvip\07_ket_qua\bai_viet\kythuatmarketing.com\quản lý kế hoạch marketing.docx
[08:47:19]     CMS URL   : https://kythuatmarketing.com/admin/news_tb/field/root_id=999
[08:47:19]     Đã ở đúng trang đăng bài, không cần đăng nhập.
[08:47:19] [3] Điền 5 ô đầu...
[08:47:20] [PIPELINE] Word ready in RAM: row 334 | D:\CodexProjects\Hotkeyvip\07_ket_qua\bai_viet\[02] 30.07.2026\tư duy lãnh đạo và quản lý.docx
[08:47:20] [6] Chọn Danh mục / Tác giả từ dữ liệu đã chốt...

[08:47:20] ========================================================================
[08:47:20] BẮT ĐẦU BÀI 6/35
[08:47:20] ========================================================================
[08:47:20] [PIPELINE] Using Word data already prepared in RAM.
[08:47:20]     Excel row : 334
[08:47:20]     Word file : D:\CodexProjects\Hotkeyvip\07_ket_qua\bai_viet\[02] 30.07.2026\tư duy lãnh đạo và quản lý.docx
[08:47:20]     CMS URL   : https://doanhnhanduongthoi.com/admin/news_tb/field/root_id=999
[08:47:20]     Đã ở đúng trang đăng bài, không cần đăng nhập.
[08:47:20] [3] Điền 5 ô đầu...
[08:47:21] Đã mở Select2 Danh mục.
[08:47:21] [PIPELINE] Word ready in RAM: row 2846 | D:\CodexProjects\Hotkeyvip\07_ket_qua\bai_viet\vinabrand.vn\doanh nhân Việt Nam.docx

[08:47:21] ========================================================================
[08:47:21] BẮT ĐẦU BÀI 28/35
[08:47:21] ========================================================================
[08:47:21] [PIPELINE] Using Word data already prepared in RAM.
[08:47:21]     Excel row : 2846
[08:47:21]     Word file : D:\CodexProjects\Hotkeyvip\07_ket_qua\bai_viet\vinabrand.vn\doanh nhân Việt Nam.docx
[08:47:21]     CMS URL   : https://vinabrand.vn/admin/news_tb/field/root_id=999
[08:47:21]     Đã ở đúng trang đăng bài, không cần đăng nhập.
[08:47:21] [3] Điền 5 ô đầu...
[08:47:21] Đã chọn Danh mục: Doanh nghiệp
[08:47:21] [6] Chọn Danh mục / Tác giả từ dữ liệu đã chốt...
[08:47:21] Đã mở Select2 Danh mục.
[08:47:21] [6] Chọn Danh mục / Tác giả từ dữ liệu đã chốt...
[08:47:22] Đã chọn Danh mục: Doanh nhân
[08:47:22] Đã tải xong ô Select2 Tác giả.
[08:47:22] Đã mở Select2 Danh mục.
[08:47:22] Đã chọn Danh mục: Doanh nhân
[08:47:22] Đã random Tác giả từ CMS: Đặng Lương Đức Kiên

[08:47:22] Kết quả Danh mục/Tác giả:
[08:47:22] - Trạng thái: OK
[08:47:22] - Danh mục  : Doanh nghiệp
[08:47:22] - Tác giả   : Đặng Lương Đức Kiên
[08:47:22] [4] Đưa Edge lên trước và focus CKEditor detail...
[08:47:23] Đã tải xong ô Select2 Tác giả.
[08:47:23] Đã random Tác giả từ CMS: Doãn Đức Bình

[08:47:23] Kết quả Danh mục/Tác giả:
[08:47:23] - Trạng thái: OK
[08:47:23] - Danh mục  : Doanh nhân
[08:47:23] - Tác giả   : Doãn Đức Bình
[08:47:23] [4] Đưa Edge lên trước và focus CKEditor detail...
[08:47:23] Đã tải xong ô Select2 Tác giả.
[08:47:23] [5] Đưa HTML Word vào CKEditor detail...
[08:47:23] Đã nạp CKEditor, độ dài HTML: 47394
[08:47:23] Đã random Tác giả từ CMS: Bùi Lâm Hải Tùng

[08:47:23] Kết quả Danh mục/Tác giả:
[08:47:23] - Trạng thái: OK
[08:47:23] - Danh mục  : Doanh nhân
[08:47:23] - Tác giả   : Bùi Lâm Hải Tùng
[08:47:23] [4] Đưa Edge lên trước và focus CKEditor detail...
[08:47:24] [5] Đưa HTML Word vào CKEditor detail...
[08:47:24] Đã nạp CKEditor, độ dài HTML: 40541
[08:47:24] [7] Tạo đủ block và dán FAQ một lượt...
[08:47:24] [5] Đưa HTML Word vào CKEditor detail...
[08:47:25] Đã nạp CKEditor, độ dài HTML: 33986
[08:47:25] [7] Tạo đủ block và dán FAQ một lượt...
[08:47:25] Đã tạo đủ 4 block FAQ.
[08:47:25] Đã dán một lượt 4 cặp FAQ.

[08:47:25] Kết quả FAQ:
[08:47:25] - Trạng thái: OK
[08:47:25] - Số cặp    : 4
[08:47:25] [3] Upload ảnh đại diện...
[08:47:25]     OK: đã gửi ảnh đại diện
[08:47:25] [4] Mở popup ảnh CKEditor...
[08:47:26] [7] Tạo đủ block và dán FAQ một lượt...
[08:47:26] Đã tạo đủ 5 block FAQ.
[08:47:26] Đã dán một lượt 5 cặp FAQ.

[08:47:26] Kết quả FAQ:
[08:47:26] - Trạng thái: OK
[08:47:26] - Số cặp    : 5
[08:47:26] [3] Upload ảnh đại diện...
[08:47:26] [5] Click tab Tải lên...
[08:47:26]     OK: đã gửi ảnh đại diện
[08:47:26] [4] Mở popup ảnh CKEditor...
[08:47:26] Đã tạo đủ 5 block FAQ.
[08:47:26] Đã dán một lượt 5 cặp FAQ.

[08:47:26] Kết quả FAQ:
[08:47:26] - Trạng thái: OK
[08:47:26] - Số cặp    : 5
[08:47:26] [3] Upload ảnh đại diện...
[08:47:26] [6] Chọn ảnh bài viết...
[08:47:26]     D:\CodexProjects\Hotkeyvip\07_ket_qua\bai_viet\kythuatmarketing.com\quản lý kế hoạch marketing 2.png
[08:47:26]     OK: đã gửi ảnh đại diện
[08:47:26] [4] Mở popup ảnh CKEditor...
[08:47:26]     OK: đã chọn file trong popup
[08:47:26] [7] Click Tải lên máy chủ...
[08:47:27] [PIPELINE] Word ready in RAM: row 202 | D:\baivietlamviec\dangbai\congdongkinhdoanh.com\[06] 10.08.2026\xây thương hiệu hay mở rộng thị trường.docx
[08:47:27] [8] Chờ server trả URL ảnh...
[08:47:27] [5] Click tab Tải lên...
[08:47:27] [5] Click tab Tải lên...
[08:47:27] [6] Chọn ảnh bài viết...
[08:47:27]     D:\CodexProjects\Hotkeyvip\07_ket_qua\bai_viet\vinabrand.vn\doanh nhân Việt Nam 2.png
[08:47:27]     OK: đã chọn file trong popup
[08:47:27] [7] Click Tải lên máy chủ...
[08:47:27] [6] Chọn ảnh bài viết...
[08:47:27]     D:\CodexProjects\Hotkeyvip\07_ket_qua\bai_viet\[02] 30.07.2026\tư duy lãnh đạo và quản lý 2.png
[08:47:27]     URL: /uploads/images/editor/quan-ly-ke-hoach-marketing-2.png
[08:47:27] [9] Click Đồng ý...
[08:47:27]     OK: đã chọn file trong popup
[08:47:27] [7] Click Tải lên máy chủ...

[08:47:27] ========================================================================
[08:47:27] BẮT ĐẦU BÀI 2/35
[08:47:27] ========================================================================
[08:47:27] [PIPELINE] Using Word data already prepared in RAM.
[08:47:27]     Excel row : 202
[08:47:27]     Word file : D:\baivietlamviec\dangbai\congdongkinhdoanh.com\[06] 10.08.2026\xây thương hiệu hay mở rộng thị trường.docx
[08:47:27]     CMS URL   : https://congdongkinhdoanh.com/admin/news_tb/field/root_id=999
[08:47:27]     Đã ở đúng trang đăng bài, không cần đăng nhập.
[08:47:27] [3] Điền 5 ô đầu...
[08:47:27] [8] Chờ server trả URL ảnh...
[08:47:28] [8] Chờ server trả URL ảnh...
[08:47:28]     OK: ảnh đã được chèn vào CKEditor
[08:47:28] [13] Lấy và gom HTML trực tiếp trong CKEditor...
[08:47:28]     OK: đã gom HTML bằng Python
[08:47:28]     HTML trước : 47560 ký tự
[08:47:28]     HTML sau   : 31129 ký tự
[08:47:28]     Số ảnh     : 1
[08:47:28]     Số H2/H3   : 9/5
[08:47:28] [CONTENT CHECK] OK: 12 Word markers found in CKEditor.
[08:47:28] [14] Kiểm tra bảo hiểm ngay trước khi Save...
[08:47:28]     OK: Title, H1, Keyword, Danh mục, ảnh, H2 và bullet đều hợp lệ.
[08:47:28]     Đang chờ khóa Save/Xác nhận ID của đúng tên miền...
[08:47:28]     Đã đến lượt Save/Xác nhận ID của tên miền này.
[08:47:28] [14] Click nút lưu bài...
[08:47:28]     URL: /uploads/images/editor/doanh-nhan-viet-nam-2.png
[08:47:28] [9] Click Đồng ý...
[08:47:28] [6] Chọn Danh mục / Tác giả từ dữ liệu đã chốt...
[08:47:28]     URL: /uploads/images/editor/tu-duy-lanh-dao-va-quan-ly-2.png
[08:47:28] [9] Click Đồng ý...
[08:47:28]     OK: ảnh đã được chèn vào CKEditor
[08:47:28] [13] Lấy và gom HTML trực tiếp trong CKEditor...
[08:47:28]     OK: ảnh đã được chèn vào CKEditor
[08:47:28] [13] Lấy và gom HTML trực tiếp trong CKEditor...
[08:47:28] Đã mở Select2 Danh mục.
[08:47:28]     OK: đã gom HTML bằng Python
[08:47:28]     HTML trước : 34159 ký tự
[08:47:28]     HTML sau   : 25534 ký tự
[08:47:28]     Số ảnh     : 1
[08:47:28]     Số H2/H3   : 8/27
[08:47:28] [CONTENT CHECK] OK: 12 Word markers found in CKEditor.
[08:47:28] [14] Kiểm tra bảo hiểm ngay trước khi Save...
[08:47:28]     OK: Title, H1, Keyword, Danh mục, ảnh, H2 và bullet đều hợp lệ.
[08:47:28]     Đang chờ khóa Save/Xác nhận ID của đúng tên miền...
[08:47:28]     Đã đến lượt Save/Xác nhận ID của tên miền này.
[08:47:28] [14] Click nút lưu bài...
[08:47:28]     OK: đã gom HTML bằng Python
[08:47:28]     HTML trước : 40694 ký tự
[08:47:28]     HTML sau   : 26930 ký tự
[08:47:28]     Số ảnh     : 1
[08:47:28]     Số H2/H3   : 9/14
[08:47:28] [CONTENT CHECK] OK: 12 Word markers found in CKEditor.
[08:47:28] [14] Kiểm tra bảo hiểm ngay trước khi Save...
[08:47:28]     OK: Title, H1, Keyword, Danh mục, ảnh, H2 và bullet đều hợp lệ.
[08:47:28]     Đang chờ khóa Save/Xác nhận ID của đúng tên miền...
[08:47:28]     Đã đến lượt Save/Xác nhận ID của tên miền này.
[08:47:28] [14] Click nút lưu bài...
[08:47:29] Đã chọn Danh mục: Thương hiệu
[08:47:30] Đã tải xong ô Select2 Tác giả.
[08:47:30] Đã random Tác giả từ CMS: Hồ Chí Dũng

[08:47:30] Kết quả Danh mục/Tác giả:
[08:47:30] - Trạng thái: OK
[08:47:30] - Danh mục  : Thương hiệu
[08:47:30] - Tác giả   : Hồ Chí Dũng
[08:47:30] [4] Đưa Edge lên trước và focus CKEditor detail...
[08:47:30]     OK: đã chuyển sang URL sau khi lưu: https://kythuatmarketing.com/admin/news_tb/list/root_id=999
[08:47:30]     Không thấy đúng một URL công khai chắc chắn trong hàng bài → để trống URL đã đăng.
[08:47:30]     ID CMS vừa đăng: 3239

[08:47:30] ========================================================================
[08:47:30] ĐÃ LƯU XONG BÀI 12/35
[08:47:30] - Dòng Excel: 1117
[08:47:30] - HTML trước/sau: 47560/31129 ký tự
[08:47:30] - URL CMS sau khi lưu: https://kythuatmarketing.com/admin/news_tb/list/root_id=999
[08:47:30] ========================================================================
[08:47:30] [OK] Worker 1 xong dòng 1117 | 2/35
[08:47:30] [GIAO] Worker 1 <- dòng 1118 | kythuatmarketing.com | giao ngay cho worker rảnh

[08:47:30] [WORKER 1] BẮT ĐẦU DÒNG 1118
[08:47:31]     Đã ở đúng trang đăng bài, không cần đăng nhập.
[08:47:31] [5] Đưa HTML Word vào CKEditor detail...
[08:47:31]     OK: đã chuyển sang URL sau khi lưu: https://vinabrand.vn/admin/news_tb/list/root_id=999
[08:47:31]     Không thấy đúng một URL công khai chắc chắn trong hàng bài → để trống URL đã đăng.
[08:47:31]     ID CMS vừa đăng: 7968

[08:47:31] ========================================================================
[08:47:31] ĐÃ LƯU XONG BÀI 28/35
[08:47:31] - Dòng Excel: 2846
[08:47:31] - HTML trước/sau: 34159/25534 ký tự
[08:47:31] - URL CMS sau khi lưu: https://vinabrand.vn/admin/news_tb/list/root_id=999
[08:47:31] ========================================================================
[08:47:31] [OK] Worker 4 xong dòng 2846 | 3/35
[08:47:31] [GIAO] Worker 4 <- dòng 2847 | vinabrand.vn | giao ngay cho worker rảnh

[08:47:31] [WORKER 4] BẮT ĐẦU DÒNG 2847
[08:47:31] Đã nạp CKEditor, độ dài HTML: 13377
[08:47:31]     OK: đã chuyển sang URL sau khi lưu: https://doanhnhanduongthoi.com/admin/news_tb/list/root_id=999
[08:47:31]     Không thấy đúng một URL công khai chắc chắn trong hàng bài → để trống URL đã đăng.
[08:47:31]     ID CMS vừa đăng: 5147

[08:47:31] ========================================================================
[08:47:31] ĐÃ LƯU XONG BÀI 6/35
[08:47:31] - Dòng Excel: 334
[08:47:31] - HTML trước/sau: 40694/26930 ký tự
[08:47:31] - URL CMS sau khi lưu: https://doanhnhanduongthoi.com/admin/news_tb/list/root_id=999
[08:47:31] ========================================================================
[08:47:31] [OK] Worker 5 xong dòng 334 | 4/35
[08:47:31] [GIAO] Worker 5 <- dòng 335 | doanhnhanduongthoi.com | giao ngay cho worker rảnh

[08:47:31] [WORKER 5] BẮT ĐẦU DÒNG 335
[08:47:31]     Đã ở đúng trang đăng bài, không cần đăng nhập.
[08:47:31]     DANH_MUC_ID đã có: kythuatmarketing.com | Doanh nghiệp | ID 6
[08:47:32]     Đã ở đúng trang đăng bài, không cần đăng nhập.
[08:47:32] [7] Tạo đủ block và dán FAQ một lượt...
[08:47:33] Đã tạo đủ 4 block FAQ.
[08:47:33] Đã dán một lượt 4 cặp FAQ.

[08:47:33] Kết quả FAQ:
[08:47:33] - Trạng thái: OK
[08:47:33] - Số cặp    : 4
[08:47:33] [3] Upload ảnh đại diện...
[08:47:33]     OK: đã gửi ảnh đại diện
[08:47:33] [4] Mở popup ảnh CKEditor...
[08:47:33] [1] Đã chọn dòng 1118: quản trị hoạt động marketing
[08:47:33]     Word chạy nền, không hiện cửa sổ.
[08:47:33]     File: D:\CodexProjects\Hotkeyvip\07_ket_qua\bai_viet\kythuatmarketing.com\quản trị hoạt động marketing.docx
[08:47:33]     Dòng Excel được truyền trực tiếp: 1118

[08:47:33] Đối chiếu tài nguyên đăng bài:
[08:47:33] - File Word     : D:\CodexProjects\Hotkeyvip\07_ket_qua\bai_viet\kythuatmarketing.com\quản trị hoạt động marketing.docx
[08:47:33] - Tên gốc Word : quản trị hoạt động marketing
[08:47:33] - Ảnh đại diện : D:\CodexProjects\Hotkeyvip\07_ket_qua\bai_viet\kythuatmarketing.com\quản trị hoạt động marketing 1.png
[08:47:33] - Ảnh bài viết : D:\CodexProjects\Hotkeyvip\07_ket_qua\bai_viet\kythuatmarketing.com\quản trị hoạt động marketing 2.png
[08:47:34] [5] Click tab Tải lên...
[08:47:34] [6] Chọn ảnh bài viết...
[08:47:34]     D:\baivietlamviec\dangbai\congdongkinhdoanh.com\[06] 10.08.2026\xây thương hiệu hay mở rộng thị trường 2.png
[08:47:34]     OK: đã chọn file trong popup
[08:47:34] [7] Click Tải lên máy chủ...
[08:47:34] [8] Chờ server trả URL ảnh...
[08:47:35]     URL: /uploads/images/editor/xay-thuong-hieu-hay-mo-rong-thi-truong-2.png
[08:47:35] [9] Click Đồng ý...
[08:47:35]     DANH_MUC_ID đã có: vinabrand.vn | Doanh nhân | ID 93
[08:47:35]     OK: ảnh đã được chèn vào CKEditor
[08:47:35] [13] Lấy và gom HTML trực tiếp trong CKEditor...
[08:47:35]     OK: đã gom HTML bằng Python
[08:47:35]     HTML trước : 13562 ký tự
[08:47:35]     HTML sau   : 7579 ký tự
[08:47:35]     Số ảnh     : 1
[08:47:35]     Số H2/H3   : 6/3
[08:47:35] [CONTENT CHECK] OK: 12 Word markers found in CKEditor.
[08:47:35] [14] Kiểm tra bảo hiểm ngay trước khi Save...
[08:47:35]     OK: Title, H1, Keyword, Danh mục, ảnh, H2 và bullet đều hợp lệ.
[08:47:35]     Đang chờ khóa Save/Xác nhận ID của đúng tên miền...
[08:47:35]     Đã đến lượt Save/Xác nhận ID của tên miền này.
[08:47:35] [14] Click nút lưu bài...
[08:47:35] [1] Đã chọn dòng 2847: vai trò doanh nhân Việt Nam
[08:47:35]     Word chạy nền, không hiện cửa sổ.
[08:47:35]     File: D:\CodexProjects\Hotkeyvip\07_ket_qua\bai_viet\vinabrand.vn\vai trò doanh nhân Việt Nam.docx
[08:47:35]     Dòng Excel được truyền trực tiếp: 2847

[08:47:35] Đối chiếu tài nguyên đăng bài:
[08:47:35] - File Word     : D:\CodexProjects\Hotkeyvip\07_ket_qua\bai_viet\vinabrand.vn\vai trò doanh nhân Việt Nam.docx
[08:47:35] - Tên gốc Word : vai trò doanh nhân Việt Nam
[08:47:35] - Ảnh đại diện : D:\CodexProjects\Hotkeyvip\07_ket_qua\bai_viet\vinabrand.vn\vai trò doanh nhân Việt Nam 1.png
[08:47:35] - Ảnh bài viết : D:\CodexProjects\Hotkeyvip\07_ket_qua\bai_viet\vinabrand.vn\vai trò doanh nhân Việt Nam 2.png
[08:47:36] [PIPELINE] Word ready in RAM: row 2012 | D:\CodexProjects\Hotkeyvip\07_ket_qua\bai_viet\tiepthisaigon.com.vn\quản trị doanh nghiệp.docx

[08:47:37] ========================================================================
[08:47:37] BẮT ĐẦU BÀI 20/35
[08:47:37] ========================================================================
[08:47:37] [PIPELINE] Using Word data already prepared in RAM.
[08:47:37]     Excel row : 2012
[08:47:37]     Word file : D:\CodexProjects\Hotkeyvip\07_ket_qua\bai_viet\tiepthisaigon.com.vn\quản trị doanh nghiệp.docx
[08:47:37]     CMS URL   : https://tiepthisaigon.com.vn/admin/news_tb/field/root_id=999
[08:47:37]     Đã ở đúng trang đăng bài, không cần đăng nhập.
[08:47:37] [3] Điền 5 ô đầu...
[08:47:37]     DANH_MUC_ID đã có: doanhnhanduongthoi.com | Doanh nhân | ID 92
[08:47:37] [6] Chọn Danh mục / Tác giả từ dữ liệu đã chốt...
[08:47:38] Đã mở Select2 Danh mục.
[08:47:38] [1] Đã chọn dòng 335: năng lực lãnh đạo
[08:47:38]     Word chạy nền, không hiện cửa sổ.
[08:47:38]     File: D:\CodexProjects\Hotkeyvip\07_ket_qua\bai_viet\[02] 30.07.2026\năng lực lãnh đạo.docx
[08:47:38]     Dòng Excel được truyền trực tiếp: 335

[08:47:38] Đối chiếu tài nguyên đăng bài:
[08:47:38] - File Word     : D:\CodexProjects\Hotkeyvip\07_ket_qua\bai_viet\[02] 30.07.2026\năng lực lãnh đạo.docx
[08:47:38] - Tên gốc Word : năng lực lãnh đạo
[08:47:38] - Ảnh đại diện : D:\CodexProjects\Hotkeyvip\07_ket_qua\bai_viet\[02] 30.07.2026\năng lực lãnh đạo 1.png
[08:47:38] - Ảnh bài viết : D:\CodexProjects\Hotkeyvip\07_ket_qua\bai_viet\[02] 30.07.2026\năng lực lãnh đạo 2.png
[08:47:38] Đã chọn Danh mục: Doanh nghiệp
[08:47:38]     OK: đã chuyển sang URL sau khi lưu: https://congdongkinhdoanh.com/admin/news_tb/list/root_id=999
[08:47:38]     Không thấy đúng một URL công khai chắc chắn trong hàng bài → để trống URL đã đăng.
[08:47:38]     ID CMS vừa đăng: 4133

[08:47:38] ========================================================================
[08:47:38] ĐÃ LƯU XONG BÀI 2/35
[08:47:38] - Dòng Excel: 202
[08:47:38] - HTML trước/sau: 13562/7579 ký tự
[08:47:38] - URL CMS sau khi lưu: https://congdongkinhdoanh.com/admin/news_tb/list/root_id=999
[08:47:38] ========================================================================
[08:47:38] [OK] Worker 3 xong dòng 202 | 5/35
[08:47:38] [GIAO] Worker 3 <- dòng 203 | congdongkinhdoanh.com | giao ngay cho worker rảnh

[08:47:38] [WORKER 3] BẮT ĐẦU DÒNG 203
[08:47:38]     Đã ở đúng trang đăng bài, không cần đăng nhập.
[08:47:39] Đã tìm thấy phần FAQ → chỉ lấy nội dung chính trước FAQ.
[08:47:39]     Waiting for Word Clipboard transfer...
[08:47:39] Đã lấy HTML trực tiếp từ Clipboard Word, độ dài: 55044 ký tự.
[08:47:39] Đã tải xong ô Select2 Tác giả.
[08:47:39]     DANH_MUC_ID đã có: congdongkinhdoanh.com | Thương hiệu | ID 5
[08:47:39] Đã random Tác giả từ CMS: Bùi Hoàng Khánh Nam

[08:47:39] Kết quả Danh mục/Tác giả:
[08:47:39] - Trạng thái: OK
[08:47:39] - Danh mục  : Doanh nghiệp
[08:47:39] - Tác giả   : Bùi Hoàng Khánh Nam
[08:47:39] [4] Đưa Edge lên trước và focus CKEditor detail...
[08:47:40] Đã đọc được 5 cặp FAQ hợp lệ từ Word.
[08:47:40] [5] Đưa HTML Word vào CKEditor detail...
[08:47:40] Đã nạp CKEditor, độ dài HTML: 75766
[08:47:41] [1] Đã chọn dòng 203: thương hiệu doanh nghiệp
[08:47:41]     Word chạy nền, không hiện cửa sổ.
[08:47:41]     File: D:\baivietlamviec\dangbai\congdongkinhdoanh.com\[06] 10.08.2026\thương hiệu doanh nghiệp.docx
[08:47:41]     Dòng Excel được truyền trực tiếp: 203

[08:47:41] Đối chiếu tài nguyên đăng bài:
[08:47:41] - File Word     : D:\baivietlamviec\dangbai\congdongkinhdoanh.com\[06] 10.08.2026\thương hiệu doanh nghiệp.docx
[08:47:41] - Tên gốc Word : thương hiệu doanh nghiệp
[08:47:41] - Ảnh đại diện : D:\baivietlamviec\dangbai\congdongkinhdoanh.com\[06] 10.08.2026\thương hiệu doanh nghiệp 1.png
[08:47:41] - Ảnh bài viết : D:\baivietlamviec\dangbai\congdongkinhdoanh.com\[06] 10.08.2026\thương hiệu doanh nghiệp 2.png
[08:47:41] Đã tìm thấy phần FAQ → chỉ lấy nội dung chính trước FAQ.
[08:47:41]     Waiting for Word Clipboard transfer...
[08:47:41] Đã lấy HTML trực tiếp từ Clipboard Word, độ dài: 127568 ký tự.
[08:47:41] [7] Tạo đủ block và dán FAQ một lượt...
[08:47:42] Đã tìm thấy phần FAQ → chỉ lấy nội dung chính trước FAQ.
[08:47:42]     Waiting for Word Clipboard transfer...
[08:47:42] Đã đọc được 5 cặp FAQ hợp lệ từ Word.
[08:47:42] Đã tìm thấy phần FAQ → chỉ lấy nội dung chính trước FAQ.
[08:47:42]     Waiting for Word Clipboard transfer...
[08:47:42] Đã tạo đủ 6 block FAQ.
[08:47:42] Đã dán một lượt 6 cặp FAQ.

[08:47:42] Kết quả FAQ:
[08:47:42] - Trạng thái: OK
[08:47:42] - Số cặp    : 6
[08:47:42] [3] Upload ảnh đại diện...
[08:47:42]     OK: đã gửi ảnh đại diện
[08:47:42] [4] Mở popup ảnh CKEditor...
[08:47:42] Đã lấy HTML trực tiếp từ Clipboard Word, độ dài: 80356 ký tự.
[08:47:42] Đã lấy HTML trực tiếp từ Clipboard Word, độ dài: 20991 ký tự.
[08:47:43] Đã đọc được 3 cặp FAQ hợp lệ từ Word.
[08:47:43] [5] Click tab Tải lên...
[08:47:43] [6] Chọn ảnh bài viết...
[08:47:43]     D:\CodexProjects\Hotkeyvip\07_ket_qua\bai_viet\tiepthisaigon.com.vn\quản trị doanh nghiệp 2.png
[08:47:43]     OK: đã chọn file trong popup
[08:47:43] [7] Click Tải lên máy chủ...
[08:47:43] Đã đọc được 6 cặp FAQ hợp lệ từ Word.
[08:47:43] [8] Chờ server trả URL ảnh...
[08:47:44]     URL: /uploads/images/editor/quan-tri-doanh-nghiep-2.png
[08:47:44] [9] Click Đồng ý...
[08:47:44]     OK: ảnh đã được chèn vào CKEditor
[08:47:44] [13] Lấy và gom HTML trực tiếp trong CKEditor...
[08:47:45]     OK: đã gom HTML bằng Python
[08:47:45]     HTML trước : 75934 ký tự
[08:47:45]     HTML sau   : 50346 ký tự
[08:47:45]     Số ảnh     : 1
[08:47:45]     Số H2/H3   : 7/24
[08:47:45] [CONTENT CHECK] OK: 12 Word markers found in CKEditor.
[08:47:45] [14] Kiểm tra bảo hiểm ngay trước khi Save...
[08:47:45]     OK: Title, H1, Keyword, Danh mục, ảnh, H2 và bullet đều hợp lệ.
[08:47:45]     Đang chờ khóa Save/Xác nhận ID của đúng tên miền...
[08:47:45]     Đã đến lượt Save/Xác nhận ID của tên miền này.
[08:47:45] [14] Click nút lưu bài...
[08:47:47] [PIPELINE] Word ready in RAM: row 203 | D:\baivietlamviec\dangbai\congdongkinhdoanh.com\[06] 10.08.2026\thương hiệu doanh nghiệp.docx
[08:47:47]     OK: đã chuyển sang URL sau khi lưu: https://tiepthisaigon.com.vn/admin/news_tb/list/root_id=999
[08:47:47]     Không thấy đúng một URL công khai chắc chắn trong hàng bài → để trống URL đã đăng.
[08:47:47]     ID CMS vừa đăng: 4674

[08:47:47] ========================================================================
[08:47:47] ĐÃ LƯU XONG BÀI 20/35
[08:47:47] - Dòng Excel: 2012
[08:47:47] - HTML trước/sau: 75934/50346 ký tự
[08:47:47] - URL CMS sau khi lưu: https://tiepthisaigon.com.vn/admin/news_tb/list/root_id=999
[08:47:47] ========================================================================
[08:47:47] [OK] Worker 2 xong dòng 2012 | 6/35
[08:47:47] [GIAO] Worker 2 <- dòng 2013 | tiepthisaigon.com.vn | giao ngay cho worker rảnh

[08:47:47] [WORKER 2] BẮT ĐẦU DÒNG 2013
[08:47:48]     Đã ở đúng trang đăng bài, không cần đăng nhập.

[08:47:48] ========================================================================
[08:47:48] BẮT ĐẦU BÀI 3/35
[08:47:48] ========================================================================
[08:47:48] [PIPELINE] Using Word data already prepared in RAM.
[08:47:48]     Excel row : 203
[08:47:48]     Word file : D:\baivietlamviec\dangbai\congdongkinhdoanh.com\[06] 10.08.2026\thương hiệu doanh nghiệp.docx
[08:47:48]     CMS URL   : https://congdongkinhdoanh.com/admin/news_tb/field/root_id=999
[08:47:48]     Đã ở đúng trang đăng bài, không cần đăng nhập.
[08:47:48] [3] Điền 5 ô đầu...
[08:47:48] [6] Chọn Danh mục / Tác giả từ dữ liệu đã chốt...
[08:47:49] Đã mở Select2 Danh mục.
[08:47:49] Đã chọn Danh mục: Thương hiệu
[08:47:50]     DANH_MUC_ID đã có: tiepthisaigon.com.vn | Doanh nghiệp | ID 11
[08:47:50] [1] Đã chọn dòng 2013: mục tiêu quản trị doanh nghiệp
[08:47:50]     Word chạy nền, không hiện cửa sổ.
[08:47:50]     File: D:\CodexProjects\Hotkeyvip\07_ket_qua\bai_viet\tiepthisaigon.com.vn\mục tiêu quản trị doanh nghiệp.docx
[08:47:50]     Dòng Excel được truyền trực tiếp: 2013

[08:47:50] Đối chiếu tài nguyên đăng bài:
[08:47:50] - File Word     : D:\CodexProjects\Hotkeyvip\07_ket_qua\bai_viet\tiepthisaigon.com.vn\mục tiêu quản trị doanh nghiệp.docx
[08:47:50] - Tên gốc Word : mục tiêu quản trị doanh nghiệp
[08:47:50] - Ảnh đại diện : D:\CodexProjects\Hotkeyvip\07_ket_qua\bai_viet\tiepthisaigon.com.vn\mục tiêu quản trị doanh nghiệp 1.png
[08:47:50] - Ảnh bài viết : D:\CodexProjects\Hotkeyvip\07_ket_qua\bai_viet\tiepthisaigon.com.vn\mục tiêu quản trị doanh nghiệp 2.png
[08:47:50] Đã tải xong ô Select2 Tác giả.
[08:47:51] Đã random Tác giả từ CMS: Bùi Đức Nhật

[08:47:51] Kết quả Danh mục/Tác giả:
[08:47:51] - Trạng thái: OK
[08:47:51] - Danh mục  : Thương hiệu
[08:47:51] - Tác giả   : Bùi Đức Nhật
[08:47:51] [4] Đưa Edge lên trước và focus CKEditor detail...
[08:47:52] [5] Đưa HTML Word vào CKEditor detail...
[08:47:52] [PIPELINE] Word ready in RAM: row 2847 | D:\CodexProjects\Hotkeyvip\07_ket_qua\bai_viet\vinabrand.vn\vai trò doanh nhân Việt Nam.docx
[08:47:52] Đã nạp CKEditor, độ dài HTML: 10564

[08:47:52] ========================================================================
[08:47:52] BẮT ĐẦU BÀI 29/35
[08:47:52] ========================================================================
[08:47:52] [PIPELINE] Using Word data already prepared in RAM.
[08:47:52]     Excel row : 2847
[08:47:52]     Word file : D:\CodexProjects\Hotkeyvip\07_ket_qua\bai_viet\vinabrand.vn\vai trò doanh nhân Việt Nam.docx
[08:47:52]     CMS URL   : https://vinabrand.vn/admin/news_tb/field/root_id=999
[08:47:52]     Đã ở đúng trang đăng bài, không cần đăng nhập.
[08:47:52] [3] Điền 5 ô đầu...
[08:47:52] Đã tìm thấy phần FAQ → chỉ lấy nội dung chính trước FAQ.
[08:47:52]     Waiting for Word Clipboard transfer...
[08:47:52] Đã lấy HTML trực tiếp từ Clipboard Word, độ dài: 34654 ký tự.
[08:47:52] [6] Chọn Danh mục / Tác giả từ dữ liệu đã chốt...
[08:47:52] Đã đọc được 3 cặp FAQ hợp lệ từ Word.
[08:47:53] [7] Tạo đủ block và dán FAQ một lượt...
[08:47:53] Đã mở Select2 Danh mục.
[08:47:53] Đã chọn Danh mục: Doanh nhân
[08:47:53] Đã tạo đủ 3 block FAQ.
[08:47:54] Đã dán một lượt 3 cặp FAQ.

[08:47:54] Kết quả FAQ:
[08:47:54] - Trạng thái: OK
[08:47:54] - Số cặp    : 3
[08:47:54] [3] Upload ảnh đại diện...
[08:47:54]     OK: đã gửi ảnh đại diện
[08:47:54] [4] Mở popup ảnh CKEditor...
[08:47:54] Đã tải xong ô Select2 Tác giả.
[08:47:54] [5] Click tab Tải lên...
[08:47:54] Đã random Tác giả từ CMS: Bùi Lâm Hải Tùng

[08:47:54] Kết quả Danh mục/Tác giả:
[08:47:54] - Trạng thái: OK
[08:47:54] - Danh mục  : Doanh nhân
[08:47:54] - Tác giả   : Bùi Lâm Hải Tùng
[08:47:54] [4] Đưa Edge lên trước và focus CKEditor detail...
[08:47:54] [6] Chọn ảnh bài viết...
[08:47:54]     D:\baivietlamviec\dangbai\congdongkinhdoanh.com\[06] 10.08.2026\thương hiệu doanh nghiệp 2.png
[08:47:55]     OK: đã chọn file trong popup
[08:47:55] [7] Click Tải lên máy chủ...
[08:47:55] [8] Chờ server trả URL ảnh...
[08:47:55]     URL: /uploads/images/editor/thuong-hieu-doanh-nghiep-2.png
[08:47:55] [9] Click Đồng ý...
[08:47:55] [5] Đưa HTML Word vào CKEditor detail...
[08:47:55] Đã nạp CKEditor, độ dài HTML: 37152
[08:47:56]     OK: ảnh đã được chèn vào CKEditor
[08:47:56] [13] Lấy và gom HTML trực tiếp trong CKEditor...
[08:47:56]     OK: đã gom HTML bằng Python
[08:47:56]     HTML trước : 10734 ký tự
[08:47:56]     HTML sau   : 6608 ký tự
[08:47:56]     Số ảnh     : 1
[08:47:56]     Số H2/H3   : 0/0
[08:47:56] [CONTENT CHECK] OK: 12 Word markers found in CKEditor.
[08:47:56] [14] Kiểm tra bảo hiểm ngay trước khi Save...
[08:47:56]     KHÔNG SAVE BÀI NÀY:
[08:47:56]     - Word chỉ có 0 Heading 2 thật (cần ít nhất 2)
[08:47:56]     - CMS chỉ còn 0 thẻ H2 sau khi dán (cần ít nhất 2)
[08:47:56] [WORKER 3] Bỏ qua dòng 203; không Save và tiếp tục nhận bài khác.
[08:47:56] [BỎ QUA — KHÔNG SAVE] Worker 3, dòng 203: Kiểm tra trước Save không đạt: Word chỉ có 0 Heading 2 thật (cần ít nhất 2) | CMS chỉ còn 0 thẻ H2 sau khi dán (cần ít nhất 2)
[08:47:56] Log: D:\CodexProjects\Hotkeyvip\06_du_lieu_chay\log_dang_bai\dang_bai_worker3_row203_20260804_084756.log
[08:47:56] [GIAO] Worker 3 <- dòng 204 | congdongkinhdoanh.com | giao ngay cho worker rảnh

[08:47:56] [WORKER 3] BẮT ĐẦU DÒNG 204
[08:47:56]     Đã ở đúng trang đăng bài, không cần đăng nhập.
[08:47:56]     CẢNH BÁO: Không tự giãn được khung Note lỗi: AttributeError("'<win32com.gen_py.Microsoft Excel 16.0 Object Library.TextFrame instance at 0x1928722923440>' object has no attribute 'WordWrap'")
[08:47:56] [7] Tạo đủ block và dán FAQ một lượt...
[08:47:57] Đã tạo đủ 5 block FAQ.
[08:47:57] Đã dán một lượt 5 cặp FAQ.

[08:47:57] Kết quả FAQ:
[08:47:57] - Trạng thái: OK
[08:47:57] - Số cặp    : 5
[08:47:57] [3] Upload ảnh đại diện...
[08:47:57]     OK: đã gửi ảnh đại diện
[08:47:57] [4] Mở popup ảnh CKEditor...
[08:47:58] [5] Click tab Tải lên...
[08:47:58] [6] Chọn ảnh bài viết...
[08:47:58]     D:\CodexProjects\Hotkeyvip\07_ket_qua\bai_viet\vinabrand.vn\vai trò doanh nhân Việt Nam 2.png
[08:47:58]     OK: đã chọn file trong popup
[08:47:58] [7] Click Tải lên máy chủ...
[08:47:58] [8] Chờ server trả URL ảnh...
[08:47:58] [1] Đã chọn dòng 204: sai lầm mở rộng thương hiệu
[08:47:58]     Word chạy nền, không hiện cửa sổ.
[08:47:58]     File: D:\baivietlamviec\dangbai\congdongkinhdoanh.com\[06] 10.08.2026\sai lầm mở rộng thương hiệu.docx
[08:47:58]     Dòng Excel được truyền trực tiếp: 204

[08:47:58] Đối chiếu tài nguyên đăng bài:
[08:47:58] - File Word     : D:\baivietlamviec\dangbai\congdongkinhdoanh.com\[06] 10.08.2026\sai lầm mở rộng thương hiệu.docx
[08:47:58] - Tên gốc Word : sai lầm mở rộng thương hiệu
[08:47:58] - Ảnh đại diện : D:\baivietlamviec\dangbai\congdongkinhdoanh.com\[06] 10.08.2026\sai lầm mở rộng thương hiệu 1.png
[08:47:58] - Ảnh bài viết : D:\baivietlamviec\dangbai\congdongkinhdoanh.com\[06] 10.08.2026\sai lầm mở rộng thương hiệu 2.png
[08:47:59]     URL: /uploads/images/editor/vai-tro-doanh-nhan-viet-nam-2.png
[08:47:59] [9] Click Đồng ý...
[08:47:59] [PIPELINE] Word ready in RAM: row 335 | D:\CodexProjects\Hotkeyvip\07_ket_qua\bai_viet\[02] 30.07.2026\năng lực lãnh đạo.docx
[08:47:59]     OK: ảnh đã được chèn vào CKEditor
[08:47:59] [13] Lấy và gom HTML trực tiếp trong CKEditor...

[08:47:59] ========================================================================
[08:47:59] BẮT ĐẦU BÀI 7/35
[08:47:59] ========================================================================
[08:47:59] [PIPELINE] Using Word data already prepared in RAM.
[08:47:59]     Excel row : 335
[08:47:59]     Word file : D:\CodexProjects\Hotkeyvip\07_ket_qua\bai_viet\[02] 30.07.2026\năng lực lãnh đạo.docx
[08:47:59]     CMS URL   : https://doanhnhanduongthoi.com/admin/news_tb/field/root_id=999
[08:47:59]     Đã ở đúng trang đăng bài, không cần đăng nhập.
[08:47:59] [3] Điền 5 ô đầu...
[08:47:59]     OK: đã gom HTML bằng Python
[08:47:59]     HTML trước : 37332 ký tự
[08:47:59]     HTML sau   : 26803 ký tự
[08:47:59]     Số ảnh     : 1
[08:47:59]     Số H2/H3   : 13/9
[08:47:59] [CONTENT CHECK] OK: 12 Word markers found in CKEditor.
[08:47:59] [14] Kiểm tra bảo hiểm ngay trước khi Save...
[08:47:59]     OK: Title, H1, Keyword, Danh mục, ảnh, H2 và bullet đều hợp lệ.
[08:47:59]     Đang chờ khóa Save/Xác nhận ID của đúng tên miền...
[08:47:59]     Đã đến lượt Save/Xác nhận ID của tên miền này.
[08:47:59] [14] Click nút lưu bài...
[08:47:59] [PIPELINE] Word ready in RAM: row 2013 | D:\CodexProjects\Hotkeyvip\07_ket_qua\bai_viet\tiepthisaigon.com.vn\mục tiêu quản trị doanh nghiệp.docx
[08:48:00] [6] Chọn Danh mục / Tác giả từ dữ liệu đã chốt...
[08:48:00] Đã mở Select2 Danh mục.

[08:48:00] ========================================================================
[08:48:00] BẮT ĐẦU BÀI 21/35
[08:48:00] ========================================================================
[08:48:00] [PIPELINE] Using Word data already prepared in RAM.
[08:48:00]     Excel row : 2013
[08:48:00]     Word file : D:\CodexProjects\Hotkeyvip\07_ket_qua\bai_viet\tiepthisaigon.com.vn\mục tiêu quản trị doanh nghiệp.docx
[08:48:00]     CMS URL   : https://tiepthisaigon.com.vn/admin/news_tb/field/root_id=999
[08:48:00]     Đã ở đúng trang đăng bài, không cần đăng nhập.
[08:48:00] [3] Điền 5 ô đầu...
[08:48:00] Đã chọn Danh mục: Doanh nhân
[08:48:01] [6] Chọn Danh mục / Tác giả từ dữ liệu đã chốt...
[08:48:01] Không thấy tiêu đề FAQ → lấy nội dung đến cuối Word.
[08:48:01]     Waiting for Word Clipboard transfer...
[08:48:01] Đã lấy HTML trực tiếp từ Clipboard Word, độ dài: 27897 ký tự.
[08:48:01] Đã mở Select2 Danh mục.
[08:48:01] Đã tải xong ô Select2 Tác giả.
[08:48:02] Đã chọn Danh mục: Doanh nghiệp
[08:48:02]     OK: đã chuyển sang URL sau khi lưu: https://vinabrand.vn/admin/news_tb/list/root_id=999
[08:48:02]     Không thấy đúng một URL công khai chắc chắn trong hàng bài → để trống URL đã đăng.
[08:48:02]     ID CMS vừa đăng: 7969

[08:48:02] ========================================================================
[08:48:02] ĐÃ LƯU XONG BÀI 29/35
[08:48:02] - Dòng Excel: 2847
[08:48:02] - HTML trước/sau: 37332/26803 ký tự
[08:48:02] - URL CMS sau khi lưu: https://vinabrand.vn/admin/news_tb/list/root_id=999
[08:48:02] ========================================================================
[08:48:02] [OK] Worker 4 xong dòng 2847 | 8/35
[08:48:02] [GIAO] Worker 4 <- dòng 2848 | vinabrand.vn | giao ngay cho worker rảnh

[08:48:02] [WORKER 4] BẮT ĐẦU DÒNG 2848
[08:48:02] Đã random Tác giả từ CMS: Trần Thị Khả Ái

[08:48:02] Kết quả Danh mục/Tác giả:
[08:48:02] - Trạng thái: OK
[08:48:02] - Danh mục  : Doanh nhân
[08:48:02] - Tác giả   : Trần Thị Khả Ái
[08:48:02] [4] Đưa Edge lên trước và focus CKEditor detail...
[08:48:02] Không có FAQ trong 50 đoạn cuối Word → bỏ qua bước FAQ.
[08:48:02]     Đã ở đúng trang đăng bài, không cần đăng nhập.
[08:48:03] Đã tải xong ô Select2 Tác giả.
[08:48:03] [5] Đưa HTML Word vào CKEditor detail...
[08:48:03] Đã nạp CKEditor, độ dài HTML: 50800
[08:48:03] Đã random Tác giả từ CMS: Cao Văn Đức Trung

[08:48:03] Kết quả Danh mục/Tác giả:
[08:48:03] - Trạng thái: OK
[08:48:03] - Danh mục  : Doanh nghiệp
[08:48:03] - Tác giả   : Cao Văn Đức Trung
[08:48:03] [4] Đưa Edge lên trước và focus CKEditor detail...
[08:48:04] [7] Tạo đủ block và dán FAQ một lượt...
[08:48:04] [5] Đưa HTML Word vào CKEditor detail...
[08:48:04]     DANH_MUC_ID đã có: vinabrand.vn | Doanh nhân | ID 93
[08:48:04] Đã nạp CKEditor, độ dài HTML: 20223
[08:48:04] [1] Đã chọn dòng 2848: tiêu chí doanh nhân thành công
[08:48:04]     Word chạy nền, không hiện cửa sổ.
[08:48:04]     File: D:\CodexProjects\Hotkeyvip\07_ket_qua\bai_viet\vinabrand.vn\tiêu chí doanh nhân thành công.docx
[08:48:04]     Dòng Excel được truyền trực tiếp: 2848

[08:48:04] Đối chiếu tài nguyên đăng bài:
[08:48:04] - File Word     : D:\CodexProjects\Hotkeyvip\07_ket_qua\bai_viet\vinabrand.vn\tiêu chí doanh nhân thành công.docx
[08:48:04] - Tên gốc Word : tiêu chí doanh nhân thành công
[08:48:04] - Ảnh đại diện : D:\CodexProjects\Hotkeyvip\07_ket_qua\bai_viet\vinabrand.vn\tiêu chí doanh nhân thành công 1.png
[08:48:04] - Ảnh bài viết : D:\CodexProjects\Hotkeyvip\07_ket_qua\bai_viet\vinabrand.vn\tiêu chí doanh nhân thành công 2.png
[08:48:04] Đã tạo đủ 6 block FAQ.
[08:48:05] Đã dán một lượt 6 cặp FAQ.

[08:48:05] Kết quả FAQ:
[08:48:05] - Trạng thái: OK
[08:48:05] - Số cặp    : 6
[08:48:05] [3] Upload ảnh đại diện...
[08:48:05]     OK: đã gửi ảnh đại diện
[08:48:05] [4] Mở popup ảnh CKEditor...
[08:48:05] [7] Tạo đủ block và dán FAQ một lượt...
[08:48:05] [5] Click tab Tải lên...
[08:48:05] [6] Chọn ảnh bài viết...
[08:48:05]     D:\CodexProjects\Hotkeyvip\07_ket_qua\bai_viet\[02] 30.07.2026\năng lực lãnh đạo 2.png
[08:48:05]     OK: đã chọn file trong popup
[08:48:05] [7] Click Tải lên máy chủ...
[08:48:06] [8] Chờ server trả URL ảnh...
[08:48:06] Đã tạo đủ 3 block FAQ.
[08:48:06] Đã dán một lượt 3 cặp FAQ.

[08:48:06] Kết quả FAQ:
[08:48:06] - Trạng thái: OK
[08:48:06] - Số cặp    : 3
[08:48:06] [3] Upload ảnh đại diện...
[08:48:06]     OK: đã gửi ảnh đại diện
[08:48:06] [4] Mở popup ảnh CKEditor...
[08:48:06]     URL: /uploads/images/editor/nang-luc-lanh-dao-2.png
[08:48:06] [9] Click Đồng ý...
[08:48:07]     OK: ảnh đã được chèn vào CKEditor
[08:48:07] [13] Lấy và gom HTML trực tiếp trong CKEditor...
[08:48:07] [5] Click tab Tải lên...
[08:48:07]     OK: đã gom HTML bằng Python
[08:48:07]     HTML trước : 50945 ký tự
[08:48:07]     HTML sau   : 34402 ký tự
[08:48:07]     Số ảnh     : 1
[08:48:07]     Số H2/H3   : 11/5
[08:48:07] [CONTENT CHECK] OK: 12 Word markers found in CKEditor.
[08:48:07] [14] Kiểm tra bảo hiểm ngay trước khi Save...
[08:48:07]     OK: Title, H1, Keyword, Danh mục, ảnh, H2 và bullet đều hợp lệ.
[08:48:07]     Đang chờ khóa Save/Xác nhận ID của đúng tên miền...
[08:48:07]     Đã đến lượt Save/Xác nhận ID của tên miền này.
[08:48:07] [14] Click nút lưu bài...
[08:48:07] [6] Chọn ảnh bài viết...
[08:48:07]     D:\CodexProjects\Hotkeyvip\07_ket_qua\bai_viet\tiepthisaigon.com.vn\mục tiêu quản trị doanh nghiệp 2.png
[08:48:07]     OK: đã chọn file trong popup
[08:48:07] [7] Click Tải lên máy chủ...
[08:48:07] Không thấy tiêu đề FAQ → lấy nội dung đến cuối Word.
[08:48:07]     Waiting for Word Clipboard transfer...
[08:48:07] [8] Chờ server trả URL ảnh...
[08:48:07] Đã lấy HTML trực tiếp từ Clipboard Word, độ dài: 37754 ký tự.
[08:48:08]     URL: /uploads/images/editor/muc-tieu-quan-tri-doanh-nghiep-2.png
[08:48:08] [9] Click Đồng ý...
[08:48:08]     OK: ảnh đã được chèn vào CKEditor
[08:48:08] [13] Lấy và gom HTML trực tiếp trong CKEditor...
[08:48:08]     OK: đã gom HTML bằng Python
[08:48:08]     HTML trước : 20408 ký tự
[08:48:08]     HTML sau   : 13161 ký tự
[08:48:08]     Số ảnh     : 1
[08:48:08]     Số H2/H3   : 5/9
[08:48:08] [CONTENT CHECK] OK: 12 Word markers found in CKEditor.
[08:48:08] [14] Kiểm tra bảo hiểm ngay trước khi Save...
[08:48:08]     OK: Title, H1, Keyword, Danh mục, ảnh, H2 và bullet đều hợp lệ.
[08:48:08]     Đang chờ khóa Save/Xác nhận ID của đúng tên miền...
[08:48:08]     Đã đến lượt Save/Xác nhận ID của tên miền này.
[08:48:08] [14] Click nút lưu bài...
[08:48:08] Không có FAQ trong 50 đoạn cuối Word → bỏ qua bước FAQ.
[08:48:09] [PIPELINE] Word ready in RAM: row 204 | D:\baivietlamviec\dangbai\congdongkinhdoanh.com\[06] 10.08.2026\sai lầm mở rộng thương hiệu.docx

[08:48:09] ========================================================================
[08:48:09] BẮT ĐẦU BÀI 4/35
[08:48:09] ========================================================================
[08:48:09] [PIPELINE] Using Word data already prepared in RAM.
[08:48:09]     Excel row : 204
[08:48:09]     Word file : D:\baivietlamviec\dangbai\congdongkinhdoanh.com\[06] 10.08.2026\sai lầm mở rộng thương hiệu.docx
[08:48:09]     CMS URL   : https://congdongkinhdoanh.com/admin/news_tb/field/root_id=999
[08:48:09]     Đã ở đúng trang đăng bài, không cần đăng nhập.
[08:48:09] [3] Điền 5 ô đầu...
[08:48:09]     OK: đã chuyển sang URL sau khi lưu: https://doanhnhanduongthoi.com/admin/news_tb/list/root_id=999
[08:48:09]     Không thấy đúng một URL công khai chắc chắn trong hàng bài → để trống URL đã đăng.
[08:48:09]     ID CMS vừa đăng: 5148

[08:48:09] ========================================================================
[08:48:09] ĐÃ LƯU XONG BÀI 7/35
[08:48:09] - Dòng Excel: 335
[08:48:09] - HTML trước/sau: 50945/34402 ký tự
[08:48:09] - URL CMS sau khi lưu: https://doanhnhanduongthoi.com/admin/news_tb/list/root_id=999
[08:48:09] ========================================================================
[08:48:09] [OK] Worker 5 xong dòng 335 | 9/35
[08:48:09] [GIAO] Worker 5 <- dòng 336 | doanhnhanduongthoi.com | giao ngay cho worker rảnh

[08:48:09] [WORKER 5] BẮT ĐẦU DÒNG 336
[08:48:09] [6] Chọn Danh mục / Tác giả từ dữ liệu đã chốt...
[08:48:10]     Đã ở đúng trang đăng bài, không cần đăng nhập.
[08:48:10]     DANH_MUC_ID đã có: doanhnhanduongthoi.com | Doanh nhân | ID 92
[08:48:10] Đã mở Select2 Danh mục.
[08:48:10] [PIPELINE] Word ready in RAM: row 1118 | D:\CodexProjects\Hotkeyvip\07_ket_qua\bai_viet\kythuatmarketing.com\quản trị hoạt động marketing.docx

[08:48:10] ========================================================================
[08:48:10] BẮT ĐẦU BÀI 13/35
[08:48:10] ========================================================================
[08:48:10] [PIPELINE] Using Word data already prepared in RAM.
[08:48:10]     Excel row : 1118
[08:48:10]     Word file : D:\CodexProjects\Hotkeyvip\07_ket_qua\bai_viet\kythuatmarketing.com\quản trị hoạt động marketing.docx
[08:48:10]     CMS URL   : https://kythuatmarketing.com/admin/news_tb/field/root_id=999
[08:48:10]     Đã ở đúng trang đăng bài, không cần đăng nhập.
[08:48:10] [3] Điền 5 ô đầu...
[08:48:10] Đã chọn Danh mục: Thương hiệu
[08:48:11] [6] Chọn Danh mục / Tác giả từ dữ liệu đã chốt...
[08:48:11]     OK: đã chuyển sang URL sau khi lưu: https://tiepthisaigon.com.vn/admin/news_tb/list/root_id=999
[08:48:11]     Không thấy đúng một URL công khai chắc chắn trong hàng bài → để trống URL đã đăng.
[08:48:11]     ID CMS vừa đăng: 4675

[08:48:11] ========================================================================
[08:48:11] ĐÃ LƯU XONG BÀI 21/35
[08:48:11] - Dòng Excel: 2013
[08:48:11] - HTML trước/sau: 20408/13161 ký tự
[08:48:11] - URL CMS sau khi lưu: https://tiepthisaigon.com.vn/admin/news_tb/list/root_id=999
[08:48:11] ========================================================================
[08:48:11] [OK] Worker 2 xong dòng 2013 | 10/35
[08:48:11] [GIAO] Worker 2 <- dòng 2014 | tiepthisaigon.com.vn | giao ngay cho worker rảnh

[08:48:11] [WORKER 2] BẮT ĐẦU DÒNG 2014
[08:48:11] Đã mở Select2 Danh mục.
[08:48:11] Đã tải xong ô Select2 Tác giả.
[08:48:11]     Đã ở đúng trang đăng bài, không cần đăng nhập.
[08:48:11] Đã chọn Danh mục: Doanh nghiệp
[08:48:11] Đã random Tác giả từ CMS: Bùi Đức Nhật

[08:48:11] Kết quả Danh mục/Tác giả:
[08:48:11] - Trạng thái: OK
[08:48:11] - Danh mục  : Thương hiệu
[08:48:11] - Tác giả   : Bùi Đức Nhật
[08:48:11] [4] Đưa Edge lên trước và focus CKEditor detail...
[08:48:12] [1] Đã chọn dòng 336: tư duy hệ thống trong quản lý
[08:48:12]     Word chạy nền, không hiện cửa sổ.
[08:48:12]     File: D:\CodexProjects\Hotkeyvip\07_ket_qua\bai_viet\[02] 30.07.2026\tư duy hệ thống trong quản lý.docx
[08:48:12]     Dòng Excel được truyền trực tiếp: 336

[08:48:12] Đối chiếu tài nguyên đăng bài:
[08:48:12] - File Word     : D:\CodexProjects\Hotkeyvip\07_ket_qua\bai_viet\[02] 30.07.2026\tư duy hệ thống trong quản lý.docx
[08:48:12] - Tên gốc Word : tư duy hệ thống trong quản lý
[08:48:12] - Ảnh đại diện : D:\CodexProjects\Hotkeyvip\07_ket_qua\bai_viet\[02] 30.07.2026\tư duy hệ thống trong quản lý 1.png
[08:48:12] - Ảnh bài viết : D:\CodexProjects\Hotkeyvip\07_ket_qua\bai_viet\[02] 30.07.2026\tư duy hệ thống trong quản lý 2.png
[08:48:12] Đã tải xong ô Select2 Tác giả.
[08:48:13] [5] Đưa HTML Word vào CKEditor detail...
[08:48:13] Đã nạp CKEditor, độ dài HTML: 12826
[08:48:13] Đã random Tác giả từ CMS: Cao Minh Hải Đăng

[08:48:13] Kết quả Danh mục/Tác giả:
[08:48:13] - Trạng thái: OK
[08:48:13] - Danh mục  : Doanh nghiệp
[08:48:13] - Tác giả   : Cao Minh Hải Đăng
[08:48:13] [4] Đưa Edge lên trước và focus CKEditor detail...
[08:48:14] [7] Tạo đủ block và dán FAQ một lượt...

[08:48:14] Kết quả FAQ:
[08:48:14] - Trạng thái: SKIP
[08:48:14] - Số cặp    : 0
[08:48:14] [3] Upload ảnh đại diện...
[08:48:14]     OK: đã gửi ảnh đại diện
[08:48:14] [4] Mở popup ảnh CKEditor...
[08:48:14] [5] Đưa HTML Word vào CKEditor detail...
[08:48:14]     DANH_MUC_ID đã có: tiepthisaigon.com.vn | Doanh nghiệp | ID 11
[08:48:14] Đã nạp CKEditor, độ dài HTML: 76719
[08:48:14] [5] Click tab Tải lên...
[08:48:14] [1] Đã chọn dòng 2014: vai trò quản trị doanh nghiệp
[08:48:14]     Word chạy nền, không hiện cửa sổ.
[08:48:14]     File: D:\CodexProjects\Hotkeyvip\07_ket_qua\bai_viet\tiepthisaigon.com.vn\vai trò quản trị doanh nghiệp.docx
[08:48:14]     Dòng Excel được truyền trực tiếp: 2014

[08:48:14] Đối chiếu tài nguyên đăng bài:
[08:48:14] - File Word     : D:\CodexProjects\Hotkeyvip\07_ket_qua\bai_viet\tiepthisaigon.com.vn\vai trò quản trị doanh nghiệp.docx
[08:48:14] - Tên gốc Word : vai trò quản trị doanh nghiệp
[08:48:14] - Ảnh đại diện : D:\CodexProjects\Hotkeyvip\07_ket_qua\bai_viet\tiepthisaigon.com.vn\vai trò quản trị doanh nghiệp 1.png
[08:48:14] - Ảnh bài viết : D:\CodexProjects\Hotkeyvip\07_ket_qua\bai_viet\tiepthisaigon.com.vn\vai trò quản trị doanh nghiệp 2.png
[08:48:14] [6] Chọn ảnh bài viết...
[08:48:14]     D:\baivietlamviec\dangbai\congdongkinhdoanh.com\[06] 10.08.2026\sai lầm mở rộng thương hiệu 2.png
[08:48:15]     OK: đã chọn file trong popup
[08:48:15] [7] Click Tải lên máy chủ...
[08:48:15] [8] Chờ server trả URL ảnh...
[08:48:15] [7] Tạo đủ block và dán FAQ một lượt...
[08:48:15]     URL: /uploads/images/editor/sai-lam-mo-rong-thuong-hieu-2.png
[08:48:15] [9] Click Đồng ý...
[08:48:16]     OK: ảnh đã được chèn vào CKEditor
[08:48:16] [13] Lấy và gom HTML trực tiếp trong CKEditor...
[08:48:16]     OK: đã gom HTML bằng Python
[08:48:16]     HTML trước : 12995 ký tự
[08:48:16]     HTML sau   : 7501 ký tự
[08:48:16]     Số ảnh     : 1
[08:48:16]     Số H2/H3   : 8/0
[08:48:16] [CONTENT CHECK] OK: 12 Word markers found in CKEditor.
[08:48:16] [14] Kiểm tra bảo hiểm ngay trước khi Save...
[08:48:16]     OK: Title, H1, Keyword, Danh mục, ảnh, H2 và bullet đều hợp lệ.
[08:48:16]     Đang chờ khóa Save/Xác nhận ID của đúng tên miền...
[08:48:16]     Đã đến lượt Save/Xác nhận ID của tên miền này.
[08:48:16] [14] Click nút lưu bài...
[08:48:16] Đã tạo đủ 5 block FAQ.
[08:48:16] Đã dán một lượt 5 cặp FAQ.

[08:48:16] Kết quả FAQ:
[08:48:16] - Trạng thái: OK
[08:48:16] - Số cặp    : 5
[08:48:16] [3] Upload ảnh đại diện...
[08:48:16] Đã tìm thấy phần FAQ → chỉ lấy nội dung chính trước FAQ.
[08:48:16]     Waiting for Word Clipboard transfer...
[08:48:16]     OK: đã gửi ảnh đại diện
[08:48:16] [4] Mở popup ảnh CKEditor...
[08:48:16] Đã lấy HTML trực tiếp từ Clipboard Word, độ dài: 23025 ký tự.
[08:48:16] Đã tìm thấy phần FAQ → chỉ lấy nội dung chính trước FAQ.
[08:48:16]     Waiting for Word Clipboard transfer...
[08:48:17] [5] Click tab Tải lên...
[08:48:17] Đã lấy HTML trực tiếp từ Clipboard Word, độ dài: 78544 ký tự.
[08:48:17] Đã đọc được 5 cặp FAQ hợp lệ từ Word.
[08:48:17] [6] Chọn ảnh bài viết...
[08:48:17]     D:\CodexProjects\Hotkeyvip\07_ket_qua\bai_viet\kythuatmarketing.com\quản trị hoạt động marketing 2.png
[08:48:17]     OK: đã chọn file trong popup
[08:48:17] [7] Click Tải lên máy chủ...
[08:48:17] [8] Chờ server trả URL ảnh...
[08:48:17] [PIPELINE] Word ready in RAM: row 2848 | D:\CodexProjects\Hotkeyvip\07_ket_qua\bai_viet\vinabrand.vn\tiêu chí doanh nhân thành công.docx
[08:48:17] Đã đọc được 4 cặp FAQ hợp lệ từ Word.

[08:48:17] ========================================================================
[08:48:17] BẮT ĐẦU BÀI 30/35
[08:48:17] ========================================================================
[08:48:17] [PIPELINE] Using Word data already prepared in RAM.
[08:48:17]     Excel row : 2848
[08:48:17]     Word file : D:\CodexProjects\Hotkeyvip\07_ket_qua\bai_viet\vinabrand.vn\tiêu chí doanh nhân thành công.docx
[08:48:17]     CMS URL   : https://vinabrand.vn/admin/news_tb/field/root_id=999
[08:48:17]     Đã ở đúng trang đăng bài, không cần đăng nhập.
[08:48:17] [3] Điền 5 ô đầu...
[08:48:18]     URL: /uploads/images/editor/quan-tri-hoat-dong-marketing-2.png
[08:48:18] [9] Click Đồng ý...
[08:48:18] [6] Chọn Danh mục / Tác giả từ dữ liệu đã chốt...
[08:48:18]     OK: ảnh đã được chèn vào CKEditor
[08:48:18] [13] Lấy và gom HTML trực tiếp trong CKEditor...
[08:48:18]     OK: đã gom HTML bằng Python
[08:48:18]     HTML trước : 76893 ký tự
[08:48:18]     HTML sau   : 48708 ký tự
[08:48:18]     Số ảnh     : 1
[08:48:18]     Số H2/H3   : 16/16
[08:48:18] [CONTENT CHECK] OK: 12 Word markers found in CKEditor.
[08:48:18] [14] Kiểm tra bảo hiểm ngay trước khi Save...
[08:48:18]     OK: Title, H1, Keyword, Danh mục, ảnh, H2 và bullet đều hợp lệ.
[08:48:18]     Đang chờ khóa Save/Xác nhận ID của đúng tên miền...
[08:48:18]     Đã đến lượt Save/Xác nhận ID của tên miền này.
[08:48:18] [14] Click nút lưu bài...
[08:48:18]     OK: đã chuyển sang URL sau khi lưu: https://congdongkinhdoanh.com/admin/news_tb/list/root_id=999
[08:48:18]     Không thấy đúng một URL công khai chắc chắn trong hàng bài → để trống URL đã đăng.
[08:48:18]     ID CMS vừa đăng: 4134

[08:48:18] ========================================================================
[08:48:18] ĐÃ LƯU XONG BÀI 4/35
[08:48:18] - Dòng Excel: 204
[08:48:18] - HTML trước/sau: 12995/7501 ký tự
[08:48:18] - URL CMS sau khi lưu: https://congdongkinhdoanh.com/admin/news_tb/list/root_id=999
[08:48:18] ========================================================================
[08:48:18] [OK] Worker 3 xong dòng 204 | 11/35
[08:48:18] [GIAO] Worker 3 <- dòng 205 | congdongkinhdoanh.com | giao ngay cho worker rảnh

[08:48:18] [WORKER 3] BẮT ĐẦU DÒNG 205
[08:48:18] Đã mở Select2 Danh mục.
[08:48:19] Đã chọn Danh mục: Doanh nhân
[08:48:19]     Đã ở đúng trang đăng bài, không cần đăng nhập.
[08:48:19]     DANH_MUC_ID đã có: congdongkinhdoanh.com | Thương hiệu | ID 5
[08:48:20] Đã tải xong ô Select2 Tác giả.
[08:48:20] Đã random Tác giả từ CMS: Cao Hoàng Anh Phúc

[08:48:20] Kết quả Danh mục/Tác giả:
[08:48:20] - Trạng thái: OK
[08:48:20] - Danh mục  : Doanh nhân
[08:48:20] - Tác giả   : Cao Hoàng Anh Phúc
[08:48:20] [4] Đưa Edge lên trước và focus CKEditor detail...
[08:48:20]     Đã gắn Note kiểm tra vào ô URL đã đăng, dòng 204.
[08:48:21]     OK: đã chuyển sang URL sau khi lưu: https://kythuatmarketing.com/admin/news_tb/list/root_id=999
[08:48:21]     Không thấy đúng một URL công khai chắc chắn trong hàng bài → để trống URL đã đăng.
[08:48:21]     ID CMS vừa đăng: 3240

[08:48:21] ========================================================================
[08:48:21] ĐÃ LƯU XONG BÀI 13/35
[08:48:21] - Dòng Excel: 1118
[08:48:21] - HTML trước/sau: 76893/48708 ký tự
[08:48:21] - URL CMS sau khi lưu: https://kythuatmarketing.com/admin/news_tb/list/root_id=999
[08:48:21] ========================================================================
[08:48:21] [OK] Worker 1 xong dòng 1118 | 12/35
[08:48:21] [GIAO] Worker 1 <- dòng 1119 | kythuatmarketing.com | giao ngay cho worker rảnh

[08:48:21] [WORKER 1] BẮT ĐẦU DÒNG 1119
[08:48:21] [5] Đưa HTML Word vào CKEditor detail...
[08:48:21] Đã nạp CKEditor, độ dài HTML: 27492
[08:48:21] [1] Đã chọn dòng 205: phát triển thương hiệu bền vững
[08:48:21]     Word chạy nền, không hiện cửa sổ.
[08:48:21]     File: D:\baivietlamviec\dangbai\congdongkinhdoanh.com\[06] 10.08.2026\phát triển thương hiệu bền vững.docx
[08:48:21]     Dòng Excel được truyền trực tiếp: 205

[08:48:21] Đối chiếu tài nguyên đăng bài:
[08:48:21] - File Word     : D:\baivietlamviec\dangbai\congdongkinhdoanh.com\[06] 10.08.2026\phát triển thương hiệu bền vững.docx
[08:48:21] - Tên gốc Word : phát triển thương hiệu bền vững
[08:48:21] - Ảnh đại diện : D:\baivietlamviec\dangbai\congdongkinhdoanh.com\[06] 10.08.2026\phát triển thương hiệu bền vững 1.png
[08:48:21] - Ảnh bài viết : D:\baivietlamviec\dangbai\congdongkinhdoanh.com\[06] 10.08.2026\phát triển thương hiệu bền vững 2.png
[08:48:21]     Đã ở đúng trang đăng bài, không cần đăng nhập.
[08:48:22] [7] Tạo đủ block và dán FAQ một lượt...

[08:48:22] Kết quả FAQ:
[08:48:22] - Trạng thái: SKIP
[08:48:22] - Số cặp    : 0
[08:48:22] [3] Upload ảnh đại diện...
[08:48:22]     OK: đã gửi ảnh đại diện
[08:48:22] [4] Mở popup ảnh CKEditor...
[08:48:22]     DANH_MUC_ID đã có: kythuatmarketing.com | Doanh nghiệp | ID 6
[08:48:22] [PIPELINE] Word ready in RAM: row 2014 | D:\CodexProjects\Hotkeyvip\07_ket_qua\bai_viet\tiepthisaigon.com.vn\vai trò quản trị doanh nghiệp.docx

[08:48:22] ========================================================================
[08:48:22] BẮT ĐẦU BÀI 22/35
[08:48:22] ========================================================================
[08:48:22] [PIPELINE] Using Word data already prepared in RAM.
[08:48:22]     Excel row : 2014
[08:48:22]     Word file : D:\CodexProjects\Hotkeyvip\07_ket_qua\bai_viet\tiepthisaigon.com.vn\vai trò quản trị doanh nghiệp.docx
[08:48:22]     CMS URL   : https://tiepthisaigon.com.vn/admin/news_tb/field/root_id=999
[08:48:22]     Đã ở đúng trang đăng bài, không cần đăng nhập.
[08:48:22] [3] Điền 5 ô đầu...
[08:48:23] Đã tìm thấy phần FAQ → chỉ lấy nội dung chính trước FAQ.
[08:48:23]     Waiting for Word Clipboard transfer...
[08:48:23] [5] Click tab Tải lên...
[08:48:23] Đã lấy HTML trực tiếp từ Clipboard Word, độ dài: 20545 ký tự.
[08:48:23] [6] Chọn ảnh bài viết...
[08:48:23]     D:\CodexProjects\Hotkeyvip\07_ket_qua\bai_viet\vinabrand.vn\tiêu chí doanh nhân thành công 2.png
[08:48:23]     OK: đã chọn file trong popup
[08:48:23] [7] Click Tải lên máy chủ...
[08:48:23] [6] Chọn Danh mục / Tác giả từ dữ liệu đã chốt...
[08:48:23] Đã đọc được 4 cặp FAQ hợp lệ từ Word.
[08:48:23] [8] Chờ server trả URL ảnh...
[08:48:23] Đã mở Select2 Danh mục.
[08:48:24] [1] Đã chọn dòng 1119: KPI quản trị marketing
[08:48:24]     Word chạy nền, không hiện cửa sổ.
[08:48:24]     File: D:\CodexProjects\Hotkeyvip\07_ket_qua\bai_viet\kythuatmarketing.com\KPI quản trị marketing.docx
[08:48:24]     Dòng Excel được truyền trực tiếp: 1119

[08:48:24] Đối chiếu tài nguyên đăng bài:
[08:48:24] - File Word     : D:\CodexProjects\Hotkeyvip\07_ket_qua\bai_viet\kythuatmarketing.com\KPI quản trị marketing.docx
[08:48:24] - Tên gốc Word : KPI quản trị marketing
[08:48:24] - Ảnh đại diện : D:\CodexProjects\Hotkeyvip\07_ket_qua\bai_viet\kythuatmarketing.com\KPI quản trị marketing 1.png
[08:48:24] - Ảnh bài viết : D:\CodexProjects\Hotkeyvip\07_ket_qua\bai_viet\kythuatmarketing.com\KPI quản trị marketing 2.png
[08:48:24] Đã chọn Danh mục: Doanh nghiệp
[08:48:24]     URL: /uploads/images/editor/tieu-chi-doanh-nhan-thanh-cong-2.png
[08:48:24] [9] Click Đồng ý...
[08:48:24]     OK: ảnh đã được chèn vào CKEditor
[08:48:24] [13] Lấy và gom HTML trực tiếp trong CKEditor...
[08:48:24]     OK: đã gom HTML bằng Python
[08:48:24]     HTML trước : 27667 ký tự
[08:48:24]     HTML sau   : 20728 ký tự
[08:48:24]     Số ảnh     : 1
[08:48:24]     Số H2/H3   : 7/12
[08:48:24] [CONTENT CHECK] OK: 12 Word markers found in CKEditor.
[08:48:24] [14] Kiểm tra bảo hiểm ngay trước khi Save...
[08:48:24]     OK: Title, H1, Keyword, Danh mục, ảnh, H2 và bullet đều hợp lệ.
[08:48:24]     Đang chờ khóa Save/Xác nhận ID của đúng tên miền...
[08:48:24]     Đã đến lượt Save/Xác nhận ID của tên miền này.
[08:48:24] [14] Click nút lưu bài...
[08:48:25] Đã tải xong ô Select2 Tác giả.
[08:48:25] Đã random Tác giả từ CMS: Châu Gia Ánh Trúc

[08:48:25] Kết quả Danh mục/Tác giả:
[08:48:25] - Trạng thái: OK
[08:48:25] - Danh mục  : Doanh nghiệp
[08:48:25] - Tác giả   : Châu Gia Ánh Trúc
[08:48:25] [4] Đưa Edge lên trước và focus CKEditor detail...
[08:48:26] [5] Đưa HTML Word vào CKEditor detail...
[08:48:26] Đã nạp CKEditor, độ dài HTML: 20429
[08:48:27]     OK: đã chuyển sang URL sau khi lưu: https://vinabrand.vn/admin/news_tb/list/root_id=999
[08:48:27]     Không thấy đúng một URL công khai chắc chắn trong hàng bài → để trống URL đã đăng.
[08:48:27]     ID CMS vừa đăng: 7970

[08:48:27] ========================================================================
[08:48:27] ĐÃ LƯU XONG BÀI 30/35
[08:48:27] - Dòng Excel: 2848
[08:48:27] - HTML trước/sau: 27667/20728 ký tự
[08:48:27] - URL CMS sau khi lưu: https://vinabrand.vn/admin/news_tb/list/root_id=999
[08:48:27] ========================================================================
[08:48:27] [OK] Worker 4 xong dòng 2848 | 13/35
[08:48:27] [GIAO] Worker 4 <- dòng 2849 | vinabrand.vn | giao ngay cho worker rảnh

[08:48:27] [WORKER 4] BẮT ĐẦU DÒNG 2849
[08:48:27]     Đã ở đúng trang đăng bài, không cần đăng nhập.
[08:48:27] [7] Tạo đủ block và dán FAQ một lượt...
[08:48:28] Đã tạo đủ 5 block FAQ.
[08:48:28] Đã dán một lượt 5 cặp FAQ.

[08:48:28] Kết quả FAQ:
[08:48:28] - Trạng thái: OK
[08:48:28] - Số cặp    : 5
[08:48:28] [3] Upload ảnh đại diện...
[08:48:28]     OK: đã gửi ảnh đại diện
[08:48:28] [4] Mở popup ảnh CKEditor...
[08:48:28] [PIPELINE] Word ready in RAM: row 205 | D:\baivietlamviec\dangbai\congdongkinhdoanh.com\[06] 10.08.2026\phát triển thương hiệu bền vững.docx
[08:48:28] [5] Click tab Tải lên...
[08:48:29] [6] Chọn ảnh bài viết...
[08:48:29]     D:\CodexProjects\Hotkeyvip\07_ket_qua\bai_viet\tiepthisaigon.com.vn\vai trò quản trị doanh nghiệp 2.png
[08:48:29]     OK: đã chọn file trong popup
[08:48:29] [7] Click Tải lên máy chủ...

[08:48:29] ========================================================================
[08:48:29] BẮT ĐẦU BÀI 5/35
[08:48:29] ========================================================================
[08:48:29] [PIPELINE] Using Word data already prepared in RAM.
[08:48:29]     Excel row : 205
[08:48:29]     Word file : D:\baivietlamviec\dangbai\congdongkinhdoanh.com\[06] 10.08.2026\phát triển thương hiệu bền vững.docx
[08:48:29]     CMS URL   : https://congdongkinhdoanh.com/admin/news_tb/field/root_id=999
[08:48:29]     Đã ở đúng trang đăng bài, không cần đăng nhập.
[08:48:29] [3] Điền 5 ô đầu...
[08:48:29] [8] Chờ server trả URL ảnh...
[08:48:29] [6] Chọn Danh mục / Tác giả từ dữ liệu đã chốt...
[08:48:29] [1] Đã chọn dòng 2849: phẩm chất doanh nhân Việt Nam
[08:48:29]     Word chạy nền, không hiện cửa sổ.
[08:48:29]     File: D:\CodexProjects\Hotkeyvip\07_ket_qua\bai_viet\vinabrand.vn\phẩm chất doanh nhân Việt Nam.docx
[08:48:29]     Dòng Excel được truyền trực tiếp: 2849

[08:48:29] Đối chiếu tài nguyên đăng bài:
[08:48:29] - File Word     : D:\CodexProjects\Hotkeyvip\07_ket_qua\bai_viet\vinabrand.vn\phẩm chất doanh nhân Việt Nam.docx
[08:48:29] - Tên gốc Word : phẩm chất doanh nhân Việt Nam
[08:48:29] - Ảnh đại diện : D:\CodexProjects\Hotkeyvip\07_ket_qua\bai_viet\vinabrand.vn\phẩm chất doanh nhân Việt Nam 1.png
[08:48:29] - Ảnh bài viết : D:\CodexProjects\Hotkeyvip\07_ket_qua\bai_viet\vinabrand.vn\phẩm chất doanh nhân Việt Nam 2.png
[08:48:30]     URL: /uploads/images/editor/vai-tro-quan-tri-doanh-nghiep-2.png
[08:48:30] [9] Click Đồng ý...
[08:48:30]     DANH_MUC_ID đã có: vinabrand.vn | Doanh nhân | ID 93
[08:48:30] Đã mở Select2 Danh mục.
[08:48:30]     OK: ảnh đã được chèn vào CKEditor
[08:48:30] [13] Lấy và gom HTML trực tiếp trong CKEditor...
[08:48:30]     OK: đã gom HTML bằng Python
[08:48:30]     HTML trước : 20615 ký tự
[08:48:30]     HTML sau   : 17454 ký tự
[08:48:30]     Số ảnh     : 1
[08:48:30]     Số H2/H3   : 12/0
[08:48:30] [CONTENT CHECK] OK: 12 Word markers found in CKEditor.
[08:48:30] [14] Kiểm tra bảo hiểm ngay trước khi Save...
[08:48:30]     OK: Title, H1, Keyword, Danh mục, ảnh, H2 và bullet đều hợp lệ.
[08:48:30]     Đang chờ khóa Save/Xác nhận ID của đúng tên miền...
[08:48:30]     Đã đến lượt Save/Xác nhận ID của tên miền này.
[08:48:30] [14] Click nút lưu bài...
[08:48:30] Đã chọn Danh mục: Thương hiệu
[08:48:31] Đã tải xong ô Select2 Tác giả.
[08:48:31]     Đã gắn Note kiểm tra vào ô URL đã đăng, dòng 2848.
[08:48:31] Đã random Tác giả từ CMS: Hồ Chí Dũng

[08:48:31] Kết quả Danh mục/Tác giả:
[08:48:31] - Trạng thái: OK
[08:48:31] - Danh mục  : Thương hiệu
[08:48:31] - Tác giả   : Hồ Chí Dũng
[08:48:31] [4] Đưa Edge lên trước và focus CKEditor detail...
[08:48:31] Không thấy tiêu đề FAQ → lấy nội dung đến cuối Word.
[08:48:31]     Waiting for Word Clipboard transfer...
[08:48:32] Đã lấy HTML trực tiếp từ Clipboard Word, độ dài: 22901 ký tự.
[08:48:32] Đã tìm thấy phần FAQ → chỉ lấy nội dung chính trước FAQ.
[08:48:32]     Waiting for Word Clipboard transfer...
[08:48:32] Đã lấy HTML trực tiếp từ Clipboard Word, độ dài: 127626 ký tự.
[08:48:32] [5] Đưa HTML Word vào CKEditor detail...
[08:48:32] Không có FAQ trong 50 đoạn cuối Word → bỏ qua bước FAQ.
[08:48:32] Đã nạp CKEditor, độ dài HTML: 10039
[08:48:32]     OK: đã chuyển sang URL sau khi lưu: https://tiepthisaigon.com.vn/admin/news_tb/list/root_id=999
[08:48:32]     Không thấy đúng một URL công khai chắc chắn trong hàng bài → để trống URL đã đăng.
[08:48:32]     ID CMS vừa đăng: 4676

[08:48:32] ========================================================================
[08:48:32] ĐÃ LƯU XONG BÀI 22/35
[08:48:32] - Dòng Excel: 2014
[08:48:32] - HTML trước/sau: 20615/17454 ký tự
[08:48:32] - URL CMS sau khi lưu: https://tiepthisaigon.com.vn/admin/news_tb/list/root_id=999
[08:48:32] ========================================================================
[08:48:32] [OK] Worker 2 xong dòng 2014 | 14/35
[08:48:32] [GIAO] Worker 2 <- dòng 2015 | tiepthisaigon.com.vn | giao ngay cho worker rảnh

[08:48:32] [WORKER 2] BẮT ĐẦU DÒNG 2015
[08:48:33] [PIPELINE] Word ready in RAM: row 336 | D:\CodexProjects\Hotkeyvip\07_ket_qua\bai_viet\[02] 30.07.2026\tư duy hệ thống trong quản lý.docx

[08:48:33] ========================================================================
[08:48:33] BẮT ĐẦU BÀI 8/35
[08:48:33] ========================================================================
[08:48:33] [PIPELINE] Using Word data already prepared in RAM.
[08:48:33]     Excel row : 336
[08:48:33]     Word file : D:\CodexProjects\Hotkeyvip\07_ket_qua\bai_viet\[02] 30.07.2026\tư duy hệ thống trong quản lý.docx
[08:48:33]     CMS URL   : https://doanhnhanduongthoi.com/admin/news_tb/field/root_id=999
[08:48:33]     Đã ở đúng trang đăng bài, không cần đăng nhập.
[08:48:33] [3] Điền 5 ô đầu...
[08:48:33]     Đã ở đúng trang đăng bài, không cần đăng nhập.
[08:48:33] Đã đọc được 6 cặp FAQ hợp lệ từ Word.
[08:48:33] [7] Tạo đủ block và dán FAQ một lượt...
[08:48:34] [6] Chọn Danh mục / Tác giả từ dữ liệu đã chốt...
[08:48:34] Đã mở Select2 Danh mục.
[08:48:34] Đã chọn Danh mục: Doanh nhân
[08:48:34] Đã tạo đủ 4 block FAQ.
[08:48:34] Đã dán một lượt 4 cặp FAQ.

[08:48:34] Kết quả FAQ:
[08:48:34] - Trạng thái: OK
[08:48:34] - Số cặp    : 4
[08:48:34] [3] Upload ảnh đại diện...
[08:48:35]     OK: đã gửi ảnh đại diện
[08:48:35] [4] Mở popup ảnh CKEditor...
[08:48:35]     DANH_MUC_ID đã có: tiepthisaigon.com.vn | Doanh nghiệp | ID 11
[08:48:35] [5] Click tab Tải lên...
[08:48:35] Đã tải xong ô Select2 Tác giả.
[08:48:35] [1] Đã chọn dòng 2015: chức năng quản trị doanh nghiệp
[08:48:35]     Word chạy nền, không hiện cửa sổ.
[08:48:35]     File: D:\CodexProjects\Hotkeyvip\07_ket_qua\bai_viet\tiepthisaigon.com.vn\chức năng quản trị doanh nghiệp.docx
[08:48:35]     Dòng Excel được truyền trực tiếp: 2015

[08:48:35] Đối chiếu tài nguyên đăng bài:
[08:48:35] - File Word     : D:\CodexProjects\Hotkeyvip\07_ket_qua\bai_viet\tiepthisaigon.com.vn\chức năng quản trị doanh nghiệp.docx
[08:48:35] - Tên gốc Word : chức năng quản trị doanh nghiệp
[08:48:35] - Ảnh đại diện : D:\CodexProjects\Hotkeyvip\07_ket_qua\bai_viet\tiepthisaigon.com.vn\chức năng quản trị doanh nghiệp 1.png
[08:48:35] - Ảnh bài viết : D:\CodexProjects\Hotkeyvip\07_ket_qua\bai_viet\tiepthisaigon.com.vn\chức năng quản trị doanh nghiệp 2.png
[08:48:35] [6] Chọn ảnh bài viết...
[08:48:35]     D:\baivietlamviec\dangbai\congdongkinhdoanh.com\[06] 10.08.2026\phát triển thương hiệu bền vững 2.png
[08:48:35]     OK: đã chọn file trong popup
[08:48:35] [7] Click Tải lên máy chủ...
[08:48:35] Đã random Tác giả từ CMS: Bùi Gia Huy

[08:48:35] Kết quả Danh mục/Tác giả:
[08:48:35] - Trạng thái: OK
[08:48:35] - Danh mục  : Doanh nhân
[08:48:35] - Tác giả   : Bùi Gia Huy
[08:48:35] [4] Đưa Edge lên trước và focus CKEditor detail...
[08:48:36] [8] Chờ server trả URL ảnh...
[08:48:36]     URL: /uploads/images/editor/phat-trien-thuong-hieu-ben-vung-2.png
[08:48:36] [9] Click Đồng ý...
[08:48:37] [5] Đưa HTML Word vào CKEditor detail...
[08:48:37]     OK: ảnh đã được chèn vào CKEditor
[08:48:37] [13] Lấy và gom HTML trực tiếp trong CKEditor...
[08:48:37]     OK: đã gom HTML bằng Python
[08:48:37]     HTML trước : 10209 ký tự
[08:48:37]     HTML sau   : 6392 ký tự
[08:48:37]     Số ảnh     : 1
[08:48:37]     Số H2/H3   : 7/0
[08:48:37] [CONTENT CHECK] OK: 12 Word markers found in CKEditor.
[08:48:37] [14] Kiểm tra bảo hiểm ngay trước khi Save...
[08:48:37]     OK: Title, H1, Keyword, Danh mục, ảnh, H2 và bullet đều hợp lệ.
[08:48:37]     Đang chờ khóa Save/Xác nhận ID của đúng tên miền...
[08:48:37]     Đã đến lượt Save/Xác nhận ID của tên miền này.
[08:48:37] [14] Click nút lưu bài...
[08:48:37] Đã nạp CKEditor, độ dài HTML: 47719
[08:48:37] Đã tìm thấy phần FAQ → chỉ lấy nội dung chính trước FAQ.
[08:48:37]     Waiting for Word Clipboard transfer...
[08:48:38] Đã lấy HTML trực tiếp từ Clipboard Word, độ dài: 38775 ký tự.
[08:48:38] [7] Tạo đủ block và dán FAQ một lượt...
[08:48:38] [PIPELINE] Word ready in RAM: row 2849 | D:\CodexProjects\Hotkeyvip\07_ket_qua\bai_viet\vinabrand.vn\phẩm chất doanh nhân Việt Nam.docx

[08:48:38] ========================================================================
[08:48:38] BẮT ĐẦU BÀI 31/35
[08:48:38] ========================================================================
[08:48:38] [PIPELINE] Using Word data already prepared in RAM.
[08:48:38]     Excel row : 2849
[08:48:38]     Word file : D:\CodexProjects\Hotkeyvip\07_ket_qua\bai_viet\vinabrand.vn\phẩm chất doanh nhân Việt Nam.docx
[08:48:38]     CMS URL   : https://vinabrand.vn/admin/news_tb/field/root_id=999
[08:48:38] Đã đọc được 4 cặp FAQ hợp lệ từ Word.
[08:48:38]     Đã ở đúng trang đăng bài, không cần đăng nhập.
[08:48:38] [3] Điền 5 ô đầu...
[08:48:39] Đã tạo đủ 4 block FAQ.
[08:48:39] Đã dán một lượt 4 cặp FAQ.

[08:48:39] Kết quả FAQ:
[08:48:39] - Trạng thái: OK
[08:48:39] - Số cặp    : 4
[08:48:39] [3] Upload ảnh đại diện...
[08:48:39]     OK: đã gửi ảnh đại diện
[08:48:39] [4] Mở popup ảnh CKEditor...
[08:48:39] [6] Chọn Danh mục / Tác giả từ dữ liệu đã chốt...
[08:48:39] Đã mở Select2 Danh mục.
[08:48:39]     OK: đã chuyển sang URL sau khi lưu: https://congdongkinhdoanh.com/admin/news_tb/list/root_id=999
[08:48:39]     Không thấy đúng một URL công khai chắc chắn trong hàng bài → để trống URL đã đăng.
[08:48:39]     ID CMS vừa đăng: 4135

[08:48:39] ========================================================================
[08:48:39] ĐÃ LƯU XONG BÀI 5/35
[08:48:39] - Dòng Excel: 205
[08:48:39] - HTML trước/sau: 10209/6392 ký tự
[08:48:39] - URL CMS sau khi lưu: https://congdongkinhdoanh.com/admin/news_tb/list/root_id=999
[08:48:39] ========================================================================
[08:48:39] [OK] Worker 3 xong dòng 205 | 15/35
[08:48:39] [GIAO] Worker 3 <- dòng 337 | doanhnhanduongthoi.com | giao ngay cho worker rảnh

[08:48:39] [WORKER 3] BẮT ĐẦU DÒNG 337
[08:48:39] [5] Click tab Tải lên...
[08:48:39] Đã chọn Danh mục: Doanh nhân
[08:48:40] [6] Chọn ảnh bài viết...
[08:48:40]     D:\CodexProjects\Hotkeyvip\07_ket_qua\bai_viet\[02] 30.07.2026\tư duy hệ thống trong quản lý 2.png
[08:48:40]     OK: đã chọn file trong popup
[08:48:40] [7] Click Tải lên máy chủ...
[08:48:40]     DANH_MUC_ID đã có: congdongkinhdoanh.com | Thương hiệu | ID 5
[08:48:40] [8] Chờ server trả URL ảnh...
[08:48:40]     Đã ở đúng trang đăng bài, không cần đăng nhập.
[08:48:40]     URL: /uploads/images/editor/tu-duy-he-thong-trong-quan-ly-2.png
[08:48:40] [9] Click Đồng ý...
[08:48:40] Đã tải xong ô Select2 Tác giả.
[08:48:41] Đã random Tác giả từ CMS: Doãn Lê Gia Khánh

[08:48:41] Kết quả Danh mục/Tác giả:
[08:48:41] - Trạng thái: OK
[08:48:41] - Danh mục  : Doanh nhân
[08:48:41] - Tác giả   : Doãn Lê Gia Khánh
[08:48:41] [4] Đưa Edge lên trước và focus CKEditor detail...
[08:48:41]     OK: ảnh đã được chèn vào CKEditor
[08:48:41] [13] Lấy và gom HTML trực tiếp trong CKEditor...
[08:48:41]     OK: đã gom HTML bằng Python
[08:48:41]     HTML trước : 47875 ký tự
[08:48:41]     HTML sau   : 30842 ký tự
[08:48:41]     Số ảnh     : 1
[08:48:41]     Số H2/H3   : 7/12
[08:48:41] [CONTENT CHECK] OK: 12 Word markers found in CKEditor.
[08:48:41] [14] Kiểm tra bảo hiểm ngay trước khi Save...
[08:48:41]     OK: Title, H1, Keyword, Danh mục, ảnh, H2 và bullet đều hợp lệ.
[08:48:41]     Đang chờ khóa Save/Xác nhận ID của đúng tên miền...
[08:48:41]     Đã đến lượt Save/Xác nhận ID của tên miền này.
[08:48:41] [14] Click nút lưu bài...
[08:48:42] [5] Đưa HTML Word vào CKEditor detail...
[08:48:42] Đã nạp CKEditor, độ dài HTML: 13882
[08:48:42] [1] Đã chọn dòng 337: xác định ưu tiên trong quản lý
[08:48:42]     Word chạy nền, không hiện cửa sổ.
[08:48:42]     File: D:\CodexProjects\Hotkeyvip\07_ket_qua\bai_viet\[02] 30.07.2026\xác định ưu tiên trong quản lý.docx
[08:48:42]     Dòng Excel được truyền trực tiếp: 337

[08:48:42] Đối chiếu tài nguyên đăng bài:
[08:48:42] - File Word     : D:\CodexProjects\Hotkeyvip\07_ket_qua\bai_viet\[02] 30.07.2026\xác định ưu tiên trong quản lý.docx
[08:48:42] - Tên gốc Word : xác định ưu tiên trong quản lý
[08:48:42] - Ảnh đại diện : D:\CodexProjects\Hotkeyvip\07_ket_qua\bai_viet\[02] 30.07.2026\xác định ưu tiên trong quản lý 1.png
[08:48:42] - Ảnh bài viết : D:\CodexProjects\Hotkeyvip\07_ket_qua\bai_viet\[02] 30.07.2026\xác định ưu tiên trong quản lý 2.png
[08:48:43] [7] Tạo đủ block và dán FAQ một lượt...

[08:48:43] Kết quả FAQ:
[08:48:43] - Trạng thái: SKIP
[08:48:43] - Số cặp    : 0
[08:48:43] [3] Upload ảnh đại diện...
[08:48:43]     OK: đã gửi ảnh đại diện
[08:48:43] [4] Mở popup ảnh CKEditor...
[08:48:43]     OK: đã chuyển sang URL sau khi lưu: https://doanhnhanduongthoi.com/admin/news_tb/list/root_id=999
[08:48:43]     Không thấy đúng một URL công khai chắc chắn trong hàng bài → để trống URL đã đăng.
[08:48:43]     ID CMS vừa đăng: 5149

[08:48:43] ========================================================================
[08:48:43] ĐÃ LƯU XONG BÀI 8/35
[08:48:43] - Dòng Excel: 336
[08:48:43] - HTML trước/sau: 47875/30842 ký tự
[08:48:43] - URL CMS sau khi lưu: https://doanhnhanduongthoi.com/admin/news_tb/list/root_id=999
[08:48:43] ========================================================================
[08:48:43] [OK] Worker 5 xong dòng 336 | 16/35
[08:48:43] [GIAO] Worker 5 <- dòng 338 | doanhnhanduongthoi.com | giao ngay cho worker rảnh

[08:48:43] [WORKER 5] BẮT ĐẦU DÒNG 338
[08:48:44] [5] Click tab Tải lên...
[08:48:44] [6] Chọn ảnh bài viết...
[08:48:44]     D:\CodexProjects\Hotkeyvip\07_ket_qua\bai_viet\vinabrand.vn\phẩm chất doanh nhân Việt Nam 2.png
[08:48:44]     Đã ở đúng trang đăng bài, không cần đăng nhập.
[08:48:44]     OK: đã chọn file trong popup
[08:48:44] [7] Click Tải lên máy chủ...
[08:48:44] [8] Chờ server trả URL ảnh...
[08:48:45]     URL: /uploads/images/editor/pham-chat-doanh-nhan-viet-nam-2.png
[08:48:45] [9] Click Đồng ý...
[08:48:45]     OK: ảnh đã được chèn vào CKEditor
[08:48:45] [13] Lấy và gom HTML trực tiếp trong CKEditor...
[08:48:45]     OK: đã gom HTML bằng Python
[08:48:45]     HTML trước : 14069 ký tự
[08:48:45]     HTML sau   : 9250 ký tự
[08:48:45]     Số ảnh     : 1
[08:48:45]     Số H2/H3   : 7/4
[08:48:45] [CONTENT CHECK] OK: 12 Word markers found in CKEditor.
[08:48:45] [14] Kiểm tra bảo hiểm ngay trước khi Save...
[08:48:45]     OK: Title, H1, Keyword, Danh mục, ảnh, H2 và bullet đều hợp lệ.
[08:48:45]     Đang chờ khóa Save/Xác nhận ID của đúng tên miền...
[08:48:45]     Đã đến lượt Save/Xác nhận ID của tên miền này.
[08:48:45] [14] Click nút lưu bài...
[08:48:45]     DANH_MUC_ID đã có: doanhnhanduongthoi.com | Doanh nhân | ID 92
[08:48:46] [1] Đã chọn dòng 338: xác định vấn đề cốt lõi
[08:48:46]     Word chạy nền, không hiện cửa sổ.
[08:48:46]     File: D:\CodexProjects\Hotkeyvip\07_ket_qua\bai_viet\[02] 30.07.2026\xác định vấn đề cốt lõi.docx
[08:48:46]     Dòng Excel được truyền trực tiếp: 338

[08:48:46] Đối chiếu tài nguyên đăng bài:
[08:48:46] - File Word     : D:\CodexProjects\Hotkeyvip\07_ket_qua\bai_viet\[02] 30.07.2026\xác định vấn đề cốt lõi.docx
[08:48:46] - Tên gốc Word : xác định vấn đề cốt lõi
[08:48:46] - Ảnh đại diện : D:\CodexProjects\Hotkeyvip\07_ket_qua\bai_viet\[02] 30.07.2026\xác định vấn đề cốt lõi 1.png
[08:48:46] - Ảnh bài viết : D:\CodexProjects\Hotkeyvip\07_ket_qua\bai_viet\[02] 30.07.2026\xác định vấn đề cốt lõi 2.png
[08:48:48]     OK: đã chuyển sang URL sau khi lưu: https://vinabrand.vn/admin/news_tb/list/root_id=999
[08:48:48]     Không thấy đúng một URL công khai chắc chắn trong hàng bài → để trống URL đã đăng.
[08:48:48]     ID CMS vừa đăng: 7971

[08:48:48] ========================================================================
[08:48:48] ĐÃ LƯU XONG BÀI 31/35
[08:48:48] - Dòng Excel: 2849
[08:48:48] - HTML trước/sau: 14069/9250 ký tự
[08:48:48] - URL CMS sau khi lưu: https://vinabrand.vn/admin/news_tb/list/root_id=999
[08:48:48] ========================================================================
[08:48:48] [OK] Worker 4 xong dòng 2849 | 17/35
[08:48:48] [GIAO] Worker 4 <- dòng 2850 | vinabrand.vn | giao ngay cho worker rảnh

[08:48:48] [WORKER 4] BẮT ĐẦU DÒNG 2850
[08:48:48] Đã tìm thấy phần FAQ → chỉ lấy nội dung chính trước FAQ.
[08:48:48]     Waiting for Word Clipboard transfer...
[08:48:48] Đã lấy HTML trực tiếp từ Clipboard Word, độ dài: 51504 ký tự.
[08:48:48] [PIPELINE] Word ready in RAM: row 2015 | D:\CodexProjects\Hotkeyvip\07_ket_qua\bai_viet\tiepthisaigon.com.vn\chức năng quản trị doanh nghiệp.docx
[08:48:48]     Đã ở đúng trang đăng bài, không cần đăng nhập.

[08:48:48] ========================================================================
[08:48:48] BẮT ĐẦU BÀI 23/35
[08:48:48] ========================================================================
[08:48:48] [PIPELINE] Using Word data already prepared in RAM.
[08:48:48]     Excel row : 2015
[08:48:48]     Word file : D:\CodexProjects\Hotkeyvip\07_ket_qua\bai_viet\tiepthisaigon.com.vn\chức năng quản trị doanh nghiệp.docx
[08:48:48]     CMS URL   : https://tiepthisaigon.com.vn/admin/news_tb/field/root_id=999
[08:48:48]     Đã ở đúng trang đăng bài, không cần đăng nhập.
[08:48:48] [3] Điền 5 ô đầu...
[08:48:49] [6] Chọn Danh mục / Tác giả từ dữ liệu đã chốt...
[08:48:49] Đã đọc được 5 cặp FAQ hợp lệ từ Word.
[08:48:49] Đã mở Select2 Danh mục.
[08:48:49] Đã chọn Danh mục: Doanh nghiệp
[08:48:50] Không thấy tiêu đề FAQ → lấy nội dung đến cuối Word.
[08:48:50]     Waiting for Word Clipboard transfer...
[08:48:50] Đã lấy HTML trực tiếp từ Clipboard Word, độ dài: 36279 ký tự.
[08:48:51] Đã tải xong ô Select2 Tác giả.
[08:48:51] [1] Đã chọn dòng 2850: tư duy doanh nhân Việt Nam
[08:48:51]     Word chạy nền, không hiện cửa sổ.
[08:48:51]     File: D:\CodexProjects\Hotkeyvip\07_ket_qua\bai_viet\vinabrand.vn\tư duy doanh nhân Việt Nam.docx
[08:48:51]     Dòng Excel được truyền trực tiếp: 2850

[08:48:51] Đối chiếu tài nguyên đăng bài:
[08:48:51] - File Word     : D:\CodexProjects\Hotkeyvip\07_ket_qua\bai_viet\vinabrand.vn\tư duy doanh nhân Việt Nam.docx
[08:48:51] - Tên gốc Word : tư duy doanh nhân Việt Nam
[08:48:51] - Ảnh đại diện : D:\CodexProjects\Hotkeyvip\07_ket_qua\bai_viet\vinabrand.vn\tư duy doanh nhân Việt Nam 1.png
[08:48:51] - Ảnh bài viết : D:\CodexProjects\Hotkeyvip\07_ket_qua\bai_viet\vinabrand.vn\tư duy doanh nhân Việt Nam 2.png
[08:48:51] Đã random Tác giả từ CMS: Bùi Hoàng Khánh Nam

[08:48:51] Kết quả Danh mục/Tác giả:
[08:48:51] - Trạng thái: OK
[08:48:51] - Danh mục  : Doanh nghiệp
[08:48:51] - Tác giả   : Bùi Hoàng Khánh Nam
[08:48:51] [4] Đưa Edge lên trước và focus CKEditor detail...
[08:48:51] Không có FAQ trong 50 đoạn cuối Word → bỏ qua bước FAQ.
[08:48:52] [5] Đưa HTML Word vào CKEditor detail...
[08:48:52] Đã nạp CKEditor, độ dài HTML: 26797
[08:48:53]     DANH_MUC_ID đã có: vinabrand.vn | Doanh nhân | ID 93
[08:48:53] [7] Tạo đủ block và dán FAQ một lượt...
[08:48:53] [EXCEL BUSY] publish result row 2849; retry 1 in 0.5s: com_error(-2147352567, 'Exception occurred.', (0, None, None, None, 0, -2146777998), None)
[08:48:54] Đã tìm thấy phần FAQ → chỉ lấy nội dung chính trước FAQ.
[08:48:54]     Waiting for Word Clipboard transfer...
[08:48:54] Đã tạo đủ 4 block FAQ.
[08:48:54] Đã dán một lượt 4 cặp FAQ.

[08:48:54] Kết quả FAQ:
[08:48:54] - Trạng thái: OK
[08:48:54] - Số cặp    : 4
[08:48:54] [3] Upload ảnh đại diện...
[08:48:54]     OK: đã gửi ảnh đại diện
[08:48:54] [4] Mở popup ảnh CKEditor...
[08:48:54] Đã lấy HTML trực tiếp từ Clipboard Word, độ dài: 54825 ký tự.
[08:48:55] [5] Click tab Tải lên...
[08:48:55] [EXCEL] publish result row 2849 recovered after 1 retry/retries.
[08:48:55] [6] Chọn ảnh bài viết...
[08:48:55]     D:\CodexProjects\Hotkeyvip\07_ket_qua\bai_viet\tiepthisaigon.com.vn\chức năng quản trị doanh nghiệp 2.png
[08:48:55]     OK: đã chọn file trong popup
[08:48:55] [7] Click Tải lên máy chủ...
[08:48:55] Đã đọc được 5 cặp FAQ hợp lệ từ Word.
[08:48:55] [8] Chờ server trả URL ảnh...
[08:48:56]     Đã gắn Note kiểm tra vào ô URL đã đăng, dòng 2849.
[08:48:56]     URL: /uploads/images/editor/chuc-nang-quan-tri-doanh-nghiep-2.png
[08:48:56] [9] Click Đồng ý...
[08:48:56]     OK: ảnh đã được chèn vào CKEditor
[08:48:56] [13] Lấy và gom HTML trực tiếp trong CKEditor...
[08:48:56]     OK: đã gom HTML bằng Python
[08:48:56]     HTML trước : 26978 ký tự
[08:48:56]     HTML sau   : 19331 ký tự
[08:48:56]     Số ảnh     : 1
[08:48:56]     Số H2/H3   : 7/8
[08:48:56] [CONTENT CHECK] OK: 12 Word markers found in CKEditor.
[08:48:56] [14] Kiểm tra bảo hiểm ngay trước khi Save...
[08:48:56]     OK: Title, H1, Keyword, Danh mục, ảnh, H2 và bullet đều hợp lệ.
[08:48:56]     Đang chờ khóa Save/Xác nhận ID của đúng tên miền...
[08:48:56]     Đã đến lượt Save/Xác nhận ID của tên miền này.
[08:48:56] [14] Click nút lưu bài...
[08:48:59]     OK: đã chuyển sang URL sau khi lưu: https://tiepthisaigon.com.vn/admin/news_tb/list/root_id=999
[08:48:59]     Không thấy đúng một URL công khai chắc chắn trong hàng bài → để trống URL đã đăng.
[08:48:59]     ID CMS vừa đăng: 4677

[08:48:59] ========================================================================
[08:48:59] ĐÃ LƯU XONG BÀI 23/35
[08:48:59] - Dòng Excel: 2015
[08:48:59] - HTML trước/sau: 26978/19331 ký tự
[08:48:59] - URL CMS sau khi lưu: https://tiepthisaigon.com.vn/admin/news_tb/list/root_id=999
[08:48:59] ========================================================================
[08:48:59] [OK] Worker 2 xong dòng 2015 | 18/35
[08:48:59] [GIAO] Worker 2 <- dòng 2016 | tiepthisaigon.com.vn | giao ngay cho worker rảnh

[08:48:59] [WORKER 2] BẮT ĐẦU DÒNG 2016
[08:48:59]     Đã ở đúng trang đăng bài, không cần đăng nhập.
[08:49:01] [PIPELINE] Word ready in RAM: row 338 | D:\CodexProjects\Hotkeyvip\07_ket_qua\bai_viet\[02] 30.07.2026\xác định vấn đề cốt lõi.docx

[08:49:01] ========================================================================
[08:49:01] BẮT ĐẦU BÀI 10/35
[08:49:01] ========================================================================
[08:49:01] [PIPELINE] Using Word data already prepared in RAM.
[08:49:01]     Excel row : 338
[08:49:01]     Word file : D:\CodexProjects\Hotkeyvip\07_ket_qua\bai_viet\[02] 30.07.2026\xác định vấn đề cốt lõi.docx
[08:49:01]     CMS URL   : https://doanhnhanduongthoi.com/admin/news_tb/field/root_id=999
[08:49:01]     Đã ở đúng trang đăng bài, không cần đăng nhập.
[08:49:01] [3] Điền 5 ô đầu...
[08:49:02] [1] Đã chọn dòng 2016: nguyên tắc quản trị doanh nghiệp
[08:49:02]     Word chạy nền, không hiện cửa sổ.
[08:49:02]     File: D:\CodexProjects\Hotkeyvip\07_ket_qua\bai_viet\tiepthisaigon.com.vn\nguyên tắc quản trị doanh nghiệp.docx
[08:49:02]     Dòng Excel được truyền trực tiếp: 2016

[08:49:02] Đối chiếu tài nguyên đăng bài:
[08:49:02] - File Word     : D:\CodexProjects\Hotkeyvip\07_ket_qua\bai_viet\tiepthisaigon.com.vn\nguyên tắc quản trị doanh nghiệp.docx
[08:49:02] - Tên gốc Word : nguyên tắc quản trị doanh nghiệp
[08:49:02] - Ảnh đại diện : D:\CodexProjects\Hotkeyvip\07_ket_qua\bai_viet\tiepthisaigon.com.vn\nguyên tắc quản trị doanh nghiệp 1.png
[08:49:02] - Ảnh bài viết : D:\CodexProjects\Hotkeyvip\07_ket_qua\bai_viet\tiepthisaigon.com.vn\nguyên tắc quản trị doanh nghiệp 2.png
[08:49:02] [6] Chọn Danh mục / Tác giả từ dữ liệu đã chốt...
[08:49:02] Đã mở Select2 Danh mục.
[08:49:02] Đã chọn Danh mục: Doanh nhân
[08:49:03] Đã tải xong ô Select2 Tác giả.
[08:49:04] [PIPELINE] Word ready in RAM: row 337 | D:\CodexProjects\Hotkeyvip\07_ket_qua\bai_viet\[02] 30.07.2026\xác định ưu tiên trong quản lý.docx

[08:49:04] ========================================================================
[08:49:04] BẮT ĐẦU BÀI 9/35
[08:49:04] ========================================================================
[08:49:04] [PIPELINE] Using Word data already prepared in RAM.
[08:49:04]     Excel row : 337
[08:49:04]     Word file : D:\CodexProjects\Hotkeyvip\07_ket_qua\bai_viet\[02] 30.07.2026\xác định ưu tiên trong quản lý.docx
[08:49:04]     CMS URL   : https://doanhnhanduongthoi.com/admin/news_tb/field/root_id=999
[08:49:04]     Đã ở đúng trang đăng bài, không cần đăng nhập.
[08:49:04] [3] Điền 5 ô đầu...
[08:49:04] Đã random Tác giả từ CMS: Trần Thị Khả Ái

[08:49:04] Kết quả Danh mục/Tác giả:
[08:49:04] - Trạng thái: OK
[08:49:04] - Danh mục  : Doanh nhân
[08:49:04] - Tác giả   : Trần Thị Khả Ái
[08:49:04] [4] Đưa Edge lên trước và focus CKEditor detail...
[08:49:04]     DANH_MUC_ID đã có: tiepthisaigon.com.vn | Doanh nghiệp | ID 11
[08:49:04] [6] Chọn Danh mục / Tác giả từ dữ liệu đã chốt...
[08:49:05] Đã mở Select2 Danh mục.
[08:49:05] [5] Đưa HTML Word vào CKEditor detail...
[08:49:05] Đã nạp CKEditor, độ dài HTML: 20739
[08:49:05] Đã chọn Danh mục: Doanh nhân
[08:49:05] Đã tìm thấy phần FAQ → chỉ lấy nội dung chính trước FAQ.
[08:49:05]     Waiting for Word Clipboard transfer...
[08:49:06] [PIPELINE] Word ready in RAM: row 2850 | D:\CodexProjects\Hotkeyvip\07_ket_qua\bai_viet\vinabrand.vn\tư duy doanh nhân Việt Nam.docx
[08:49:06] Đã lấy HTML trực tiếp từ Clipboard Word, độ dài: 67834 ký tự.
[08:49:06] [7] Tạo đủ block và dán FAQ một lượt...

[08:49:06] Kết quả FAQ:
[08:49:06] - Trạng thái: SKIP
[08:49:06] - Số cặp    : 0
[08:49:06] [3] Upload ảnh đại diện...
[08:49:06]     OK: đã gửi ảnh đại diện
[08:49:06] [4] Mở popup ảnh CKEditor...
[08:49:06] Đã tải xong ô Select2 Tác giả.
[08:49:06] [PIPELINE] Word ready in RAM: row 1119 | D:\CodexProjects\Hotkeyvip\07_ket_qua\bai_viet\kythuatmarketing.com\KPI quản trị marketing.docx
[08:49:06] Đã random Tác giả từ CMS: Trần Thị Khả Ái

[08:49:06] Kết quả Danh mục/Tác giả:
[08:49:06] - Trạng thái: OK
[08:49:06] - Danh mục  : Doanh nhân
[08:49:06] - Tác giả   : Trần Thị Khả Ái
[08:49:06] [4] Đưa Edge lên trước và focus CKEditor detail...

[08:49:07] ========================================================================
[08:49:07] BẮT ĐẦU BÀI 32/35
[08:49:07] ========================================================================
[08:49:07] [PIPELINE] Using Word data already prepared in RAM.
[08:49:07]     Excel row : 2850
[08:49:07]     Word file : D:\CodexProjects\Hotkeyvip\07_ket_qua\bai_viet\vinabrand.vn\tư duy doanh nhân Việt Nam.docx
[08:49:07]     CMS URL   : https://vinabrand.vn/admin/news_tb/field/root_id=999
[08:49:07] [5] Click tab Tải lên...

[08:49:07] ========================================================================
[08:49:07] BẮT ĐẦU BÀI 14/35
[08:49:07] ========================================================================
[08:49:07] [PIPELINE] Using Word data already prepared in RAM.
[08:49:07]     Excel row : 1119
[08:49:07]     Word file : D:\CodexProjects\Hotkeyvip\07_ket_qua\bai_viet\kythuatmarketing.com\KPI quản trị marketing.docx
[08:49:07]     CMS URL   : https://kythuatmarketing.com/admin/news_tb/field/root_id=999
[08:49:07]     Đã ở đúng trang đăng bài, không cần đăng nhập.
[08:49:07] [3] Điền 5 ô đầu...
[08:49:07]     Đã ở đúng trang đăng bài, không cần đăng nhập.
[08:49:07] [3] Điền 5 ô đầu...
[08:49:07] [6] Chọn ảnh bài viết...
[08:49:07]     D:\CodexProjects\Hotkeyvip\07_ket_qua\bai_viet\[02] 30.07.2026\xác định vấn đề cốt lõi 2.png
[08:49:07]     OK: đã chọn file trong popup
[08:49:07] [7] Click Tải lên máy chủ...
[08:49:07] Đã đọc được 6 cặp FAQ hợp lệ từ Word.
[08:49:07] [8] Chờ server trả URL ảnh...
[08:49:07] [6] Chọn Danh mục / Tác giả từ dữ liệu đã chốt...
[08:49:07] [6] Chọn Danh mục / Tác giả từ dữ liệu đã chốt...
[08:49:07] [5] Đưa HTML Word vào CKEditor detail...
[08:49:08] Đã nạp CKEditor, độ dài HTML: 36500
[08:49:08]     URL: /uploads/images/editor/xac-dinh-van-de-cot-loi-2.png
[08:49:08] [9] Click Đồng ý...
[08:49:08] Đã mở Select2 Danh mục.
[08:49:08] Đã mở Select2 Danh mục.
[08:49:08] Đã chọn Danh mục: Doanh nhân
[08:49:08] Đã chọn Danh mục: Doanh nghiệp
[08:49:08]     OK: ảnh đã được chèn vào CKEditor
[08:49:08] [13] Lấy và gom HTML trực tiếp trong CKEditor...
[08:49:08]     OK: đã gom HTML bằng Python
[08:49:08]     HTML trước : 20898 ký tự
[08:49:08]     HTML sau   : 12835 ký tự
[08:49:08]     Số ảnh     : 1
[08:49:08]     Số H2/H3   : 6/10
[08:49:08] [CONTENT CHECK] OK: 12 Word markers found in CKEditor.
[08:49:08] [14] Kiểm tra bảo hiểm ngay trước khi Save...
[08:49:08]     OK: Title, H1, Keyword, Danh mục, ảnh, H2 và bullet đều hợp lệ.
[08:49:08]     Đang chờ khóa Save/Xác nhận ID của đúng tên miền...
[08:49:08]     Đã đến lượt Save/Xác nhận ID của tên miền này.
[08:49:08] [14] Click nút lưu bài...
[08:49:09] [7] Tạo đủ block và dán FAQ một lượt...
[08:49:09] Đã tải xong ô Select2 Tác giả.
[08:49:09] Đã tải xong ô Select2 Tác giả.
[08:49:09] Đã random Tác giả từ CMS: Dương Trần Đức Sơn

[08:49:09] Kết quả Danh mục/Tác giả:
[08:49:09] - Trạng thái: OK
[08:49:09] - Danh mục  : Doanh nhân
[08:49:09] - Tác giả   : Dương Trần Đức Sơn
[08:49:09] [4] Đưa Edge lên trước và focus CKEditor detail...
[08:49:09] Đã random Tác giả từ CMS: Đinh Trần Công Phúc

[08:49:09] Kết quả Danh mục/Tác giả:
[08:49:09] - Trạng thái: OK
[08:49:09] - Danh mục  : Doanh nghiệp
[08:49:09] - Tác giả   : Đinh Trần Công Phúc
[08:49:09] [4] Đưa Edge lên trước và focus CKEditor detail...
[08:49:10] Đã tạo đủ 5 block FAQ.
[08:49:10] Đã dán một lượt 5 cặp FAQ.

[08:49:10] Kết quả FAQ:
[08:49:10] - Trạng thái: OK
[08:49:10] - Số cặp    : 5
[08:49:10] [3] Upload ảnh đại diện...
[08:49:10]     OK: đã gửi ảnh đại diện
[08:49:10] [4] Mở popup ảnh CKEditor...
[08:49:10] [5] Đưa HTML Word vào CKEditor detail...
[08:49:10] [5] Đưa HTML Word vào CKEditor detail...
[08:49:10] Đã nạp CKEditor, độ dài HTML: 36865
[08:49:10] Đã nạp CKEditor, độ dài HTML: 77798
[08:49:10] [5] Click tab Tải lên...
[08:49:10]     OK: đã chuyển sang URL sau khi lưu: https://doanhnhanduongthoi.com/admin/news_tb/list/root_id=999
[08:49:11]     Không thấy đúng một URL công khai chắc chắn trong hàng bài → để trống URL đã đăng.
[08:49:11]     ID CMS vừa đăng: 5150

[08:49:11] ========================================================================
[08:49:11] ĐÃ LƯU XONG BÀI 10/35
[08:49:11] - Dòng Excel: 338
[08:49:11] - HTML trước/sau: 20898/12835 ký tự
[08:49:11] - URL CMS sau khi lưu: https://doanhnhanduongthoi.com/admin/news_tb/list/root_id=999
[08:49:11] ========================================================================
[08:49:11] [OK] Worker 5 xong dòng 338 | 19/35
[08:49:11] [GIAO] Worker 5 <- dòng 339 | doanhnhanduongthoi.com | giao ngay cho worker rảnh

[08:49:11] [WORKER 5] BẮT ĐẦU DÒNG 339
[08:49:11] [6] Chọn ảnh bài viết...
[08:49:11]     D:\CodexProjects\Hotkeyvip\07_ket_qua\bai_viet\[02] 30.07.2026\xác định ưu tiên trong quản lý 2.png
[08:49:11]     OK: đã chọn file trong popup
[08:49:11] [7] Click Tải lên máy chủ...
[08:49:11]     Đã ở đúng trang đăng bài, không cần đăng nhập.
[08:49:11]     DANH_MUC_ID đã có: doanhnhanduongthoi.com | Doanh nhân | ID 92
[08:49:11] [8] Chờ server trả URL ảnh...
[08:49:11] [7] Tạo đủ block và dán FAQ một lượt...
[08:49:11] [7] Tạo đủ block và dán FAQ một lượt...
[08:49:12]     URL: /uploads/images/editor/xac-dinh-uu-tien-trong-quan-ly-2.png
[08:49:12] [9] Click Đồng ý...
[08:49:12]     OK: ảnh đã được chèn vào CKEditor
[08:49:12] [13] Lấy và gom HTML trực tiếp trong CKEditor...
[08:49:12] Đã tạo đủ 6 block FAQ.
[08:49:12] Đã dán một lượt 6 cặp FAQ.

[08:49:12] Kết quả FAQ:
[08:49:12] - Trạng thái: OK
[08:49:12] - Số cặp    : 6
[08:49:12] [3] Upload ảnh đại diện...
[08:49:12]     OK: đã gom HTML bằng Python
[08:49:12]     HTML trước : 36664 ký tự
[08:49:12]     HTML sau   : 26731 ký tự
[08:49:12]     Số ảnh     : 1
[08:49:12]     Số H2/H3   : 13/23
[08:49:12] [CONTENT CHECK] OK: 12 Word markers found in CKEditor.
[08:49:12] [14] Kiểm tra bảo hiểm ngay trước khi Save...
[08:49:12]     OK: Title, H1, Keyword, Danh mục, ảnh, H2 và bullet đều hợp lệ.
[08:49:12]     Đang chờ khóa Save/Xác nhận ID của đúng tên miền...
[08:49:12]     Đã đến lượt Save/Xác nhận ID của tên miền này.
[08:49:12] [14] Click nút lưu bài...
[08:49:12]     OK: đã gửi ảnh đại diện
[08:49:12] [4] Mở popup ảnh CKEditor...
[08:49:12] Đã tạo đủ 5 block FAQ.
[08:49:12] Đã dán một lượt 5 cặp FAQ.

[08:49:12] Kết quả FAQ:
[08:49:12] - Trạng thái: OK
[08:49:12] - Số cặp    : 5
[08:49:12] [3] Upload ảnh đại diện...
[08:49:12]     OK: đã gửi ảnh đại diện
[08:49:12] [4] Mở popup ảnh CKEditor...
[08:49:13]     Đã gắn Note kiểm tra vào ô URL đã đăng, dòng 338.
[08:49:13] [5] Click tab Tải lên...
[08:49:13] [6] Chọn ảnh bài viết...
[08:49:13]     D:\CodexProjects\Hotkeyvip\07_ket_qua\bai_viet\kythuatmarketing.com\KPI quản trị marketing 2.png
[08:49:13]     OK: đã chọn file trong popup
[08:49:13] [7] Click Tải lên máy chủ...
[08:49:13] [5] Click tab Tải lên...
[08:49:13] [8] Chờ server trả URL ảnh...
[08:49:13] [6] Chọn ảnh bài viết...
[08:49:13]     D:\CodexProjects\Hotkeyvip\07_ket_qua\bai_viet\vinabrand.vn\tư duy doanh nhân Việt Nam 2.png
[08:49:13] [1] Đã chọn dòng 339: cân bằng mục tiêu ngắn hạn và dài hạn
[08:49:13]     Word chạy nền, không hiện cửa sổ.
[08:49:13]     File: D:\CodexProjects\Hotkeyvip\07_ket_qua\bai_viet\[02] 30.07.2026\cân bằng mục tiêu ngắn hạn và dài hạn.docx
[08:49:13]     Dòng Excel được truyền trực tiếp: 339

[08:49:13] Đối chiếu tài nguyên đăng bài:
[08:49:13] - File Word     : D:\CodexProjects\Hotkeyvip\07_ket_qua\bai_viet\[02] 30.07.2026\cân bằng mục tiêu ngắn hạn và dài hạn.docx
[08:49:13] - Tên gốc Word : cân bằng mục tiêu ngắn hạn và dài hạn
[08:49:13] - Ảnh đại diện : D:\CodexProjects\Hotkeyvip\07_ket_qua\bai_viet\[02] 30.07.2026\cân bằng mục tiêu ngắn hạn và dài hạn 1.png
[08:49:13] - Ảnh bài viết : D:\CodexProjects\Hotkeyvip\07_ket_qua\bai_viet\[02] 30.07.2026\cân bằng mục tiêu ngắn hạn và dài hạn 2.png
[08:49:13]     OK: đã chọn file trong popup
[08:49:13] [7] Click Tải lên máy chủ...
[08:49:14] [8] Chờ server trả URL ảnh...
[08:49:14]     URL: /uploads/images/editor/kpi-quan-tri-marketing-2.png
[08:49:14] [9] Click Đồng ý...
[08:49:14]     OK: ảnh đã được chèn vào CKEditor
[08:49:14] [13] Lấy và gom HTML trực tiếp trong CKEditor...
[08:49:14]     URL: /uploads/images/editor/tu-duy-doanh-nhan-viet-nam-2.png
[08:49:14] [9] Click Đồng ý...
[08:49:14]     OK: đã gom HTML bằng Python
[08:49:14]     HTML trước : 77964 ký tự
[08:49:14]     HTML sau   : 50761 ký tự
[08:49:14]     Số ảnh     : 1
[08:49:14]     Số H2/H3   : 13/41
[08:49:14] [CONTENT CHECK] OK: 12 Word markers found in CKEditor.
[08:49:14] [14] Kiểm tra bảo hiểm ngay trước khi Save...
[08:49:14]     OK: Title, H1, Keyword, Danh mục, ảnh, H2 và bullet đều hợp lệ.
[08:49:14]     Đang chờ khóa Save/Xác nhận ID của đúng tên miền...
[08:49:14]     Đã đến lượt Save/Xác nhận ID của tên miền này.
[08:49:14] [14] Click nút lưu bài...
[08:49:14]     OK: ảnh đã được chèn vào CKEditor
[08:49:14] [13] Lấy và gom HTML trực tiếp trong CKEditor...
[08:49:15]     OK: đã chuyển sang URL sau khi lưu: https://doanhnhanduongthoi.com/admin/news_tb/list/root_id=999
[08:49:15]     OK: đã gom HTML bằng Python
[08:49:15]     HTML trước : 37047 ký tự
[08:49:15]     HTML sau   : 26308 ký tự
[08:49:15]     Số ảnh     : 1
[08:49:15]     Số H2/H3   : 11/0
[08:49:15]     Không thấy đúng một URL công khai chắc chắn trong hàng bài → để trống URL đã đăng.
[08:49:15]     ID CMS vừa đăng: 5151

[08:49:15] ========================================================================
[08:49:15] ĐÃ LƯU XONG BÀI 9/35
[08:49:15] - Dòng Excel: 337
[08:49:15] - HTML trước/sau: 36664/26731 ký tự
[08:49:15] - URL CMS sau khi lưu: https://doanhnhanduongthoi.com/admin/news_tb/list/root_id=999
[08:49:15] ========================================================================
[08:49:15] [OK] Worker 3 xong dòng 337 | 20/35
[08:49:15] [GIAO] Worker 3 <- dòng 1120 | kythuatmarketing.com | giao ngay cho worker rảnh

[08:49:15] [WORKER 3] BẮT ĐẦU DÒNG 1120
[08:49:15] [CONTENT CHECK] OK: 12 Word markers found in CKEditor.
[08:49:15] [14] Kiểm tra bảo hiểm ngay trước khi Save...
[08:49:15]     OK: Title, H1, Keyword, Danh mục, ảnh, H2 và bullet đều hợp lệ.
[08:49:15]     Đang chờ khóa Save/Xác nhận ID của đúng tên miền...
[08:49:15]     Đã đến lượt Save/Xác nhận ID của tên miền này.
[08:49:15] [14] Click nút lưu bài...
[08:49:15]     DANH_MUC_ID đã có: doanhnhanduongthoi.com | Doanh nhân | ID 92
[08:49:15]     Phát hiện trang đăng nhập → chờ khóa Login ngắn...
[08:49:16]     Phát hiện trang đăng nhập → tự nhập ID và mật khẩu...
[08:49:16]     Đã nhập đủ ID/mật khẩu → click ĐĂNG NHẬP một lần.
[08:49:17] Đã tìm thấy phần FAQ → chỉ lấy nội dung chính trước FAQ.
[08:49:17]     Waiting for Word Clipboard transfer...
[08:49:17]     OK: đã chuyển sang URL sau khi lưu: https://kythuatmarketing.com/admin/news_tb/list/root_id=999
[08:49:17]     Không thấy đúng một URL công khai chắc chắn trong hàng bài → để trống URL đã đăng.
[08:49:17]     ID CMS vừa đăng: 3241

[08:49:17] ========================================================================
[08:49:17] ĐÃ LƯU XONG BÀI 14/35
[08:49:17] - Dòng Excel: 1119
[08:49:17] - HTML trước/sau: 77964/50761 ký tự
[08:49:17] - URL CMS sau khi lưu: https://kythuatmarketing.com/admin/news_tb/list/root_id=999
[08:49:17] ========================================================================
[08:49:17] [OK] Worker 1 xong dòng 1119 | 21/35
[08:49:17] [GIAO] Worker 1 <- dòng 1121 | kythuatmarketing.com | giao ngay cho worker rảnh

[08:49:17] [WORKER 1] BẮT ĐẦU DÒNG 1121
[08:49:17]     OK: đã chuyển sang URL sau khi lưu: https://vinabrand.vn/admin/news_tb/list/root_id=999
[08:49:17]     Không thấy đúng một URL công khai chắc chắn trong hàng bài → để trống URL đã đăng.
[08:49:17]     ID CMS vừa đăng: 7972

[08:49:17] ========================================================================
[08:49:17] ĐÃ LƯU XONG BÀI 32/35
[08:49:17] - Dòng Excel: 2850
[08:49:17] - HTML trước/sau: 37047/26308 ký tự
[08:49:17] - URL CMS sau khi lưu: https://vinabrand.vn/admin/news_tb/list/root_id=999
[08:49:17] ========================================================================
[08:49:17] [OK] Worker 4 xong dòng 2850 | 22/35
[08:49:17] [GIAO] Worker 4 <- dòng 2851 | vinabrand.vn | giao ngay cho worker rảnh

[08:49:17] [WORKER 4] BẮT ĐẦU DÒNG 2851
[08:49:17]     Đăng nhập thành công, đã vào đúng trang đăng bài.
[08:49:17] Đã lấy HTML trực tiếp từ Clipboard Word, độ dài: 64191 ký tự.
[08:49:17]     Đã ở đúng trang đăng bài, không cần đăng nhập.
[08:49:17]     Đã ở đúng trang đăng bài, không cần đăng nhập.
[08:49:17] [1] Đã chọn dòng 1120: đánh giá hiệu suất đội ngũ marketing
[08:49:17]     Word chạy nền, không hiện cửa sổ.
[08:49:17]     File: D:\CodexProjects\Hotkeyvip\07_ket_qua\bai_viet\kythuatmarketing.com\đánh giá hiệu suất đội ngũ marketing.docx
[08:49:17]     Dòng Excel được truyền trực tiếp: 1120

[08:49:17] Đối chiếu tài nguyên đăng bài:
[08:49:17] - File Word     : D:\CodexProjects\Hotkeyvip\07_ket_qua\bai_viet\kythuatmarketing.com\đánh giá hiệu suất đội ngũ marketing.docx
[08:49:17] - Tên gốc Word : đánh giá hiệu suất đội ngũ marketing
[08:49:17] - Ảnh đại diện : D:\CodexProjects\Hotkeyvip\07_ket_qua\bai_viet\kythuatmarketing.com\đánh giá hiệu suất đội ngũ marketing 1.png
[08:49:17] - Ảnh bài viết : D:\CodexProjects\Hotkeyvip\07_ket_qua\bai_viet\kythuatmarketing.com\đánh giá hiệu suất đội ngũ marketing 2.png
[08:49:18] Đã đọc được 5 cặp FAQ hợp lệ từ Word.
[08:49:18]     DANH_MUC_ID đã có: kythuatmarketing.com | Doanh nghiệp | ID 6
[08:49:20] [1] Đã chọn dòng 1121: quản trị marketing cho doanh nghiệp nhỏ
[08:49:20]     Word chạy nền, không hiện cửa sổ.
[08:49:20]     File: D:\CodexProjects\Hotkeyvip\07_ket_qua\bai_viet\kythuatmarketing.com\quản trị marketing cho doanh nghiệp nhỏ.docx
[08:49:20]     Dòng Excel được truyền trực tiếp: 1121

[08:49:20] Đối chiếu tài nguyên đăng bài:
[08:49:20] - File Word     : D:\CodexProjects\Hotkeyvip\07_ket_qua\bai_viet\kythuatmarketing.com\quản trị marketing cho doanh nghiệp nhỏ.docx
[08:49:20] - Tên gốc Word : quản trị marketing cho doanh nghiệp nhỏ
[08:49:20] - Ảnh đại diện : D:\CodexProjects\Hotkeyvip\07_ket_qua\bai_viet\kythuatmarketing.com\quản trị marketing cho doanh nghiệp nhỏ 1.png
[08:49:20] - Ảnh bài viết : D:\CodexProjects\Hotkeyvip\07_ket_qua\bai_viet\kythuatmarketing.com\quản trị marketing cho doanh nghiệp nhỏ 2.png
[08:49:20] [PIPELINE] Word ready in RAM: row 2016 | D:\CodexProjects\Hotkeyvip\07_ket_qua\bai_viet\tiepthisaigon.com.vn\nguyên tắc quản trị doanh nghiệp.docx

[08:49:20] ========================================================================
[08:49:20] BẮT ĐẦU BÀI 24/35
[08:49:20] ========================================================================
[08:49:20] [PIPELINE] Using Word data already prepared in RAM.
[08:49:20]     Excel row : 2016
[08:49:20]     Word file : D:\CodexProjects\Hotkeyvip\07_ket_qua\bai_viet\tiepthisaigon.com.vn\nguyên tắc quản trị doanh nghiệp.docx
[08:49:20]     CMS URL   : https://tiepthisaigon.com.vn/admin/news_tb/field/root_id=999
[08:49:20]     Đã ở đúng trang đăng bài, không cần đăng nhập.
[08:49:20] [3] Điền 5 ô đầu...
[08:49:21] [6] Chọn Danh mục / Tác giả từ dữ liệu đã chốt...
[08:49:21] Đã mở Select2 Danh mục.
[08:49:22] Đã chọn Danh mục: Doanh nghiệp
[08:49:22] [1] Đã chọn dòng 2851: lịch sử doanh nhân Việt Nam
[08:49:22]     Word chạy nền, không hiện cửa sổ.
[08:49:22]     File: D:\CodexProjects\Hotkeyvip\07_ket_qua\bai_viet\vinabrand.vn\lịch sử doanh nhân Việt Nam.docx
[08:49:22]     Dòng Excel được truyền trực tiếp: 2851

[08:49:22] Đối chiếu tài nguyên đăng bài:
[08:49:22] - File Word     : D:\CodexProjects\Hotkeyvip\07_ket_qua\bai_viet\vinabrand.vn\lịch sử doanh nhân Việt Nam.docx
[08:49:22] - Tên gốc Word : lịch sử doanh nhân Việt Nam
[08:49:22] - Ảnh đại diện : D:\CodexProjects\Hotkeyvip\07_ket_qua\bai_viet\vinabrand.vn\lịch sử doanh nhân Việt Nam 1.png
[08:49:22] - Ảnh bài viết : D:\CodexProjects\Hotkeyvip\07_ket_qua\bai_viet\vinabrand.vn\lịch sử doanh nhân Việt Nam 2.png
[08:49:22]     DANH_MUC_ID đã có: vinabrand.vn | Doanh nhân | ID 93
[08:49:23] Đã tải xong ô Select2 Tác giả.
[08:49:23] Đã random Tác giả từ CMS: Cao Văn Đức Trung

[08:49:23] Kết quả Danh mục/Tác giả:
[08:49:23] - Trạng thái: OK
[08:49:23] - Danh mục  : Doanh nghiệp
[08:49:23] - Tác giả   : Cao Văn Đức Trung
[08:49:23] [4] Đưa Edge lên trước và focus CKEditor detail...
[08:49:24] Đã tìm thấy phần FAQ → chỉ lấy nội dung chính trước FAQ.
[08:49:24]     Waiting for Word Clipboard transfer...
[08:49:24] [5] Đưa HTML Word vào CKEditor detail...
[08:49:24] Đã nạp CKEditor, độ dài HTML: 43891
[08:49:24] Đã lấy HTML trực tiếp từ Clipboard Word, độ dài: 36520 ký tự.
[08:49:24] Đã tìm thấy phần FAQ → chỉ lấy nội dung chính trước FAQ.
[08:49:24]     Waiting for Word Clipboard transfer...
[08:49:25] Đã đọc được 4 cặp FAQ hợp lệ từ Word.
[08:49:25] Đã lấy HTML trực tiếp từ Clipboard Word, độ dài: 115399 ký tự.
[08:49:25] [7] Tạo đủ block và dán FAQ một lượt...
[08:49:25] Đã tạo đủ 6 block FAQ.
[08:49:26] Đã đọc được 5 cặp FAQ hợp lệ từ Word.
[08:49:26] Đã dán một lượt 6 cặp FAQ.

[08:49:26] Kết quả FAQ:
[08:49:26] - Trạng thái: OK
[08:49:26] - Số cặp    : 6
[08:49:26] [3] Upload ảnh đại diện...
[08:49:26]     OK: đã gửi ảnh đại diện
[08:49:26] [4] Mở popup ảnh CKEditor...
[08:49:26] [5] Click tab Tải lên...
[08:49:26] Đã tìm thấy phần FAQ → chỉ lấy nội dung chính trước FAQ.
[08:49:26]     Waiting for Word Clipboard transfer...
[08:49:26] [6] Chọn ảnh bài viết...
[08:49:26]     D:\CodexProjects\Hotkeyvip\07_ket_qua\bai_viet\tiepthisaigon.com.vn\nguyên tắc quản trị doanh nghiệp 2.png
[08:49:27]     OK: đã chọn file trong popup
[08:49:27] [7] Click Tải lên máy chủ...
[08:49:27] [8] Chờ server trả URL ảnh...
[08:49:27] Đã lấy HTML trực tiếp từ Clipboard Word, độ dài: 114685 ký tự.
[08:49:27]     URL: /uploads/images/editor/nguyen-tac-quan-tri-doanh-nghiep-2.png
[08:49:27] [9] Click Đồng ý...
[08:49:28]     OK: ảnh đã được chèn vào CKEditor
[08:49:28] [13] Lấy và gom HTML trực tiếp trong CKEditor...
[08:49:28]     OK: đã gom HTML bằng Python
[08:49:28]     HTML trước : 44078 ký tự
[08:49:28]     HTML sau   : 30813 ký tự
[08:49:28]     Số ảnh     : 1
[08:49:28]     Số H2/H3   : 7/17
[08:49:28] [CONTENT CHECK] OK: 12 Word markers found in CKEditor.
[08:49:28] [14] Kiểm tra bảo hiểm ngay trước khi Save...
[08:49:28] Đã đọc được 5 cặp FAQ hợp lệ từ Word.
[08:49:28]     OK: Title, H1, Keyword, Danh mục, ảnh, H2 và bullet đều hợp lệ.
[08:49:28]     Đang chờ khóa Save/Xác nhận ID của đúng tên miền...
[08:49:28]     Đã đến lượt Save/Xác nhận ID của tên miền này.
[08:49:28] [14] Click nút lưu bài...
[08:49:30]     OK: đã chuyển sang URL sau khi lưu: https://tiepthisaigon.com.vn/admin/news_tb/list/root_id=999
[08:49:30]     Không thấy đúng một URL công khai chắc chắn trong hàng bài → để trống URL đã đăng.
[08:49:30]     ID CMS vừa đăng: 4678

[08:49:30] ========================================================================
[08:49:30] ĐÃ LƯU XONG BÀI 24/35
[08:49:30] - Dòng Excel: 2016
[08:49:30] - HTML trước/sau: 44078/30813 ký tự
[08:49:30] - URL CMS sau khi lưu: https://tiepthisaigon.com.vn/admin/news_tb/list/root_id=999
[08:49:30] ========================================================================
[08:49:30] [OK] Worker 2 xong dòng 2016 | 23/35
[08:49:30] [GIAO] Worker 2 <- dòng 2017 | tiepthisaigon.com.vn | giao ngay cho worker rảnh

[08:49:30] [WORKER 2] BẮT ĐẦU DÒNG 2017
[08:49:30] [PIPELINE] Word ready in RAM: row 339 | D:\CodexProjects\Hotkeyvip\07_ket_qua\bai_viet\[02] 30.07.2026\cân bằng mục tiêu ngắn hạn và dài hạn.docx

[08:49:30] ========================================================================
[08:49:30] BẮT ĐẦU BÀI 11/35
[08:49:30] ========================================================================
[08:49:30] [PIPELINE] Using Word data already prepared in RAM.
[08:49:30]     Excel row : 339
[08:49:30]     Word file : D:\CodexProjects\Hotkeyvip\07_ket_qua\bai_viet\[02] 30.07.2026\cân bằng mục tiêu ngắn hạn và dài hạn.docx
[08:49:30]     CMS URL   : https://doanhnhanduongthoi.com/admin/news_tb/field/root_id=999
[08:49:31]     Đã ở đúng trang đăng bài, không cần đăng nhập.
[08:49:31] [3] Điền 5 ô đầu...
[08:49:31]     Đã ở đúng trang đăng bài, không cần đăng nhập.
[08:49:31] [6] Chọn Danh mục / Tác giả từ dữ liệu đã chốt...
[08:49:32] Đã mở Select2 Danh mục.
[08:49:32] [PIPELINE] Word ready in RAM: row 2851 | D:\CodexProjects\Hotkeyvip\07_ket_qua\bai_viet\vinabrand.vn\lịch sử doanh nhân Việt Nam.docx

[08:49:32] ========================================================================
[08:49:32] BẮT ĐẦU BÀI 33/35
[08:49:32] ========================================================================
[08:49:32] [PIPELINE] Using Word data already prepared in RAM.
[08:49:32]     Excel row : 2851
[08:49:32]     Word file : D:\CodexProjects\Hotkeyvip\07_ket_qua\bai_viet\vinabrand.vn\lịch sử doanh nhân Việt Nam.docx
[08:49:32]     CMS URL   : https://vinabrand.vn/admin/news_tb/field/root_id=999
[08:49:32]     Đã ở đúng trang đăng bài, không cần đăng nhập.
[08:49:32] [3] Điền 5 ô đầu...
[08:49:32] Đã chọn Danh mục: Doanh nhân
[08:49:32] [6] Chọn Danh mục / Tác giả từ dữ liệu đã chốt...
[08:49:33] Đã tải xong ô Select2 Tác giả.
[08:49:33] Đã mở Select2 Danh mục.
[08:49:33] Đã chọn Danh mục: Doanh nhân
[08:49:33] Đã random Tác giả từ CMS: Doãn Đức Bình

[08:49:33] Kết quả Danh mục/Tác giả:
[08:49:33] - Trạng thái: OK
[08:49:33] - Danh mục  : Doanh nhân
[08:49:33] - Tác giả   : Doãn Đức Bình
[08:49:33] [4] Đưa Edge lên trước và focus CKEditor detail...
[08:49:33] [1] Đã chọn dòng 2017: quản trị doanh nghiệp và quản lý doanh nghiệp
[08:49:33]     Word chạy nền, không hiện cửa sổ.
[08:49:33]     File: D:\CodexProjects\Hotkeyvip\07_ket_qua\bai_viet\tiepthisaigon.com.vn\quản trị doanh nghiệp và quản lý doanh nghiệp.docx
[08:49:33]     Dòng Excel được truyền trực tiếp: 2017

[08:49:33] Đối chiếu tài nguyên đăng bài:
[08:49:33] - File Word     : D:\CodexProjects\Hotkeyvip\07_ket_qua\bai_viet\tiepthisaigon.com.vn\quản trị doanh nghiệp và quản lý doanh nghiệp.docx
[08:49:33] - Tên gốc Word : quản trị doanh nghiệp và quản lý doanh nghiệp
[08:49:33] - Ảnh đại diện : D:\CodexProjects\Hotkeyvip\07_ket_qua\bai_viet\tiepthisaigon.com.vn\quản trị doanh nghiệp và quản lý doanh nghiệp 1.png
[08:49:33] - Ảnh bài viết : D:\CodexProjects\Hotkeyvip\07_ket_qua\bai_viet\tiepthisaigon.com.vn\quản trị doanh nghiệp và quản lý doanh nghiệp 2.png
[08:49:34] Đã tải xong ô Select2 Tác giả.
[08:49:34] [5] Đưa HTML Word vào CKEditor detail...
[08:49:35] Đã nạp CKEditor, độ dài HTML: 40279
[08:49:35] Đã random Tác giả từ CMS: Doãn Lê Gia Khánh

[08:49:35] Kết quả Danh mục/Tác giả:
[08:49:35] - Trạng thái: OK
[08:49:35] - Danh mục  : Doanh nhân
[08:49:35] - Tác giả   : Doãn Lê Gia Khánh
[08:49:35] [4] Đưa Edge lên trước và focus CKEditor detail...
[08:49:36] [7] Tạo đủ block và dán FAQ một lượt...
[08:49:36] [5] Đưa HTML Word vào CKEditor detail...
[08:49:36] Đã nạp CKEditor, độ dài HTML: 21529
[08:49:36] Đã tạo đủ 5 block FAQ.
[08:49:36] Đã dán một lượt 5 cặp FAQ.

[08:49:36] Kết quả FAQ:
[08:49:36] - Trạng thái: OK
[08:49:36] - Số cặp    : 5
[08:49:36] [3] Upload ảnh đại diện...
[08:49:36]     OK: đã gửi ảnh đại diện
[08:49:36] [4] Mở popup ảnh CKEditor...
[08:49:37] [7] Tạo đủ block và dán FAQ một lượt...
[08:49:37] [5] Click tab Tải lên...
[08:49:37] [6] Chọn ảnh bài viết...
[08:49:37]     D:\CodexProjects\Hotkeyvip\07_ket_qua\bai_viet\[02] 30.07.2026\cân bằng mục tiêu ngắn hạn và dài hạn 2.png
[08:49:37]     DANH_MUC_ID đã có: tiepthisaigon.com.vn | Doanh nghiệp | ID 11
[08:49:37]     OK: đã chọn file trong popup
[08:49:37] [7] Click Tải lên máy chủ...
[08:49:37] [8] Chờ server trả URL ảnh...
[08:49:38] Đã tạo đủ 4 block FAQ.
[08:49:38] Đã dán một lượt 4 cặp FAQ.

[08:49:38] Kết quả FAQ:
[08:49:38] - Trạng thái: OK
[08:49:38] - Số cặp    : 4
[08:49:38] [3] Upload ảnh đại diện...
[08:49:38]     OK: đã gửi ảnh đại diện
[08:49:38] [4] Mở popup ảnh CKEditor...
[08:49:38]     URL: /uploads/images/editor/can-bang-muc-tieu-ngan-han-va-dai-han-2.png
[08:49:38] [9] Click Đồng ý...
[08:49:38]     OK: ảnh đã được chèn vào CKEditor
[08:49:38] [13] Lấy và gom HTML trực tiếp trong CKEditor...
[08:49:38] Đã tìm thấy phần FAQ → chỉ lấy nội dung chính trước FAQ.
[08:49:38]     Waiting for Word Clipboard transfer...
[08:49:38]     OK: đã gom HTML bằng Python
[08:49:38]     HTML trước : 40440 ký tự
[08:49:38]     HTML sau   : 27297 ký tự
[08:49:38]     Số ảnh     : 1
[08:49:38]     Số H2/H3   : 12/7
[08:49:38] [CONTENT CHECK] OK: 12 Word markers found in CKEditor.
[08:49:38] [14] Kiểm tra bảo hiểm ngay trước khi Save...
[08:49:38]     OK: Title, H1, Keyword, Danh mục, ảnh, H2 và bullet đều hợp lệ.
[08:49:38]     Đang chờ khóa Save/Xác nhận ID của đúng tên miền...
[08:49:38]     Đã đến lượt Save/Xác nhận ID của tên miền này.
[08:49:38] [14] Click nút lưu bài...
[08:49:39] Đã lấy HTML trực tiếp từ Clipboard Word, độ dài: 51225 ký tự.
[08:49:39] [5] Click tab Tải lên...
[08:49:39] [6] Chọn ảnh bài viết...
[08:49:39]     D:\CodexProjects\Hotkeyvip\07_ket_qua\bai_viet\vinabrand.vn\lịch sử doanh nhân Việt Nam 2.png
[08:49:39]     OK: đã chọn file trong popup
[08:49:39] [7] Click Tải lên máy chủ...
[08:49:39] [8] Chờ server trả URL ảnh...
[08:49:39] Đã đọc được 5 cặp FAQ hợp lệ từ Word.
[08:49:40]     URL: /uploads/images/editor/lich-su-doanh-nhan-viet-nam-2.png
[08:49:40] [9] Click Đồng ý...
[08:49:40]     OK: ảnh đã được chèn vào CKEditor
[08:49:40] [13] Lấy và gom HTML trực tiếp trong CKEditor...
[08:49:40]     OK: đã gom HTML bằng Python
[08:49:40]     HTML trước : 21708 ký tự
[08:49:40]     HTML sau   : 14039 ký tự
[08:49:40]     Số ảnh     : 1
[08:49:40]     Số H2/H3   : 7/4
[08:49:40] [CONTENT CHECK] OK: 12 Word markers found in CKEditor.
[08:49:40] [14] Kiểm tra bảo hiểm ngay trước khi Save...
[08:49:40]     OK: Title, H1, Keyword, Danh mục, ảnh, H2 và bullet đều hợp lệ.
[08:49:40]     Đang chờ khóa Save/Xác nhận ID của đúng tên miền...
[08:49:40]     Đã đến lượt Save/Xác nhận ID của tên miền này.
[08:49:40] [14] Click nút lưu bài...
[08:49:41]     OK: đã chuyển sang URL sau khi lưu: https://doanhnhanduongthoi.com/admin/news_tb/list/root_id=999
[08:49:41]     Không thấy đúng một URL công khai chắc chắn trong hàng bài → để trống URL đã đăng.
[08:49:41]     ID CMS vừa đăng: 5152

[08:49:41] ========================================================================
[08:49:41] ĐÃ LƯU XONG BÀI 11/35
[08:49:41] - Dòng Excel: 339
[08:49:41] - HTML trước/sau: 40440/27297 ký tự
[08:49:41] - URL CMS sau khi lưu: https://doanhnhanduongthoi.com/admin/news_tb/list/root_id=999
[08:49:41] ========================================================================
[08:49:41] [OK] Worker 5 xong dòng 339 | 24/35
[08:49:41] [GIAO] Worker 5 <- dòng 1122 | kythuatmarketing.com | giao ngay cho worker rảnh

[08:49:41] [WORKER 5] BẮT ĐẦU DÒNG 1122
[08:49:42]     DANH_MUC_ID đã có: doanhnhanduongthoi.com | Doanh nhân | ID 92
[08:49:42]     Phát hiện trang đăng nhập → chờ khóa Login ngắn...
[08:49:42]     Phát hiện trang đăng nhập → tự nhập ID và mật khẩu...
[08:49:42]     Đã nhập đủ ID/mật khẩu → click ĐĂNG NHẬP một lần.
[08:49:42]     OK: đã chuyển sang URL sau khi lưu: https://vinabrand.vn/admin/news_tb/list/root_id=999
[08:49:42]     Không thấy đúng một URL công khai chắc chắn trong hàng bài → để trống URL đã đăng.
[08:49:42]     ID CMS vừa đăng: 7973

[08:49:42] ========================================================================
[08:49:42] ĐÃ LƯU XONG BÀI 33/35
[08:49:42] - Dòng Excel: 2851
[08:49:42] - HTML trước/sau: 21708/14039 ký tự
[08:49:42] - URL CMS sau khi lưu: https://vinabrand.vn/admin/news_tb/list/root_id=999
[08:49:42] ========================================================================
[08:49:42] [OK] Worker 4 xong dòng 2851 | 25/35
[08:49:42] [GIAO] Worker 4 <- dòng 2852 | vinabrand.vn | giao ngay cho worker rảnh

[08:49:42] [WORKER 4] BẮT ĐẦU DÒNG 2852
[08:49:43]     Đã ở đúng trang đăng bài, không cần đăng nhập.
[08:49:43]     Đăng nhập thành công, đã vào đúng trang đăng bài.
[08:49:44] [1] Đã chọn dòng 1122: thách thức quản trị marketing
[08:49:44]     Word chạy nền, không hiện cửa sổ.
[08:49:44]     File: D:\CodexProjects\Hotkeyvip\07_ket_qua\bai_viet\kythuatmarketing.com\thách thức quản trị marketing.docx
[08:49:44]     Dòng Excel được truyền trực tiếp: 1122

[08:49:44] Đối chiếu tài nguyên đăng bài:
[08:49:44] - File Word     : D:\CodexProjects\Hotkeyvip\07_ket_qua\bai_viet\kythuatmarketing.com\thách thức quản trị marketing.docx
[08:49:44] - Tên gốc Word : thách thức quản trị marketing
[08:49:44] - Ảnh đại diện : D:\CodexProjects\Hotkeyvip\07_ket_qua\bai_viet\kythuatmarketing.com\thách thức quản trị marketing 1.png
[08:49:44] - Ảnh bài viết : D:\CodexProjects\Hotkeyvip\07_ket_qua\bai_viet\kythuatmarketing.com\thách thức quản trị marketing 2.png
[08:49:46] [1] Đã chọn dòng 2852: doanh nhân thời kỳ đổi mới
[08:49:46]     Word chạy nền, không hiện cửa sổ.
[08:49:46]     File: D:\CodexProjects\Hotkeyvip\07_ket_qua\bai_viet\vinabrand.vn\doanh nhân thời kỳ đổi mới.docx
[08:49:46]     Dòng Excel được truyền trực tiếp: 2852

[08:49:46] Đối chiếu tài nguyên đăng bài:
[08:49:46] - File Word     : D:\CodexProjects\Hotkeyvip\07_ket_qua\bai_viet\vinabrand.vn\doanh nhân thời kỳ đổi mới.docx
[08:49:46] - Tên gốc Word : doanh nhân thời kỳ đổi mới
[08:49:46] - Ảnh đại diện : D:\CodexProjects\Hotkeyvip\07_ket_qua\bai_viet\vinabrand.vn\doanh nhân thời kỳ đổi mới 1.png
[08:49:46] - Ảnh bài viết : D:\CodexProjects\Hotkeyvip\07_ket_qua\bai_viet\vinabrand.vn\doanh nhân thời kỳ đổi mới 2.png
[08:49:46]     DANH_MUC_ID đã có: vinabrand.vn | Doanh nhân | ID 93
[08:49:48] Không thấy tiêu đề FAQ → lấy nội dung đến cuối Word.
[08:49:48]     Waiting for Word Clipboard transfer...
[08:49:48] Đã lấy HTML trực tiếp từ Clipboard Word, độ dài: 18459 ký tự.
[08:49:49] Không có FAQ trong 50 đoạn cuối Word → bỏ qua bước FAQ.
[08:49:51] [PIPELINE] Word ready in RAM: row 2017 | D:\CodexProjects\Hotkeyvip\07_ket_qua\bai_viet\tiepthisaigon.com.vn\quản trị doanh nghiệp và quản lý doanh nghiệp.docx

[08:49:51] ========================================================================
[08:49:51] BẮT ĐẦU BÀI 25/35
[08:49:51] ========================================================================
[08:49:51] [PIPELINE] Using Word data already prepared in RAM.
[08:49:51]     Excel row : 2017
[08:49:51]     Word file : D:\CodexProjects\Hotkeyvip\07_ket_qua\bai_viet\tiepthisaigon.com.vn\quản trị doanh nghiệp và quản lý doanh nghiệp.docx
[08:49:51]     CMS URL   : https://tiepthisaigon.com.vn/admin/news_tb/field/root_id=999
[08:49:51]     Đã ở đúng trang đăng bài, không cần đăng nhập.
[08:49:51] [3] Điền 5 ô đầu...
[08:49:51] [6] Chọn Danh mục / Tác giả từ dữ liệu đã chốt...
[08:49:52] Đã tìm thấy phần FAQ → chỉ lấy nội dung chính trước FAQ.
[08:49:52]     Waiting for Word Clipboard transfer...
[08:49:52] Đã mở Select2 Danh mục.
[08:49:52] Đã lấy HTML trực tiếp từ Clipboard Word, độ dài: 136561 ký tự.
[08:49:52] Đã chọn Danh mục: Doanh nghiệp
[08:49:53] Đã đọc được 5 cặp FAQ hợp lệ từ Word.
[08:49:53] Đã tải xong ô Select2 Tác giả.
[08:49:53] Đã random Tác giả từ CMS: Đặng Trần Chí Kiên

[08:49:53] Kết quả Danh mục/Tác giả:
[08:49:53] - Trạng thái: OK
[08:49:53] - Danh mục  : Doanh nghiệp
[08:49:53] - Tác giả   : Đặng Trần Chí Kiên
[08:49:53] [4] Đưa Edge lên trước và focus CKEditor detail...
[08:49:53] [PIPELINE] Word ready in RAM: row 2852 | D:\CodexProjects\Hotkeyvip\07_ket_qua\bai_viet\vinabrand.vn\doanh nhân thời kỳ đổi mới.docx

[08:49:53] ========================================================================
[08:49:53] BẮT ĐẦU BÀI 34/35
[08:49:53] ========================================================================
[08:49:53] [PIPELINE] Using Word data already prepared in RAM.
[08:49:53]     Excel row : 2852
[08:49:53]     Word file : D:\CodexProjects\Hotkeyvip\07_ket_qua\bai_viet\vinabrand.vn\doanh nhân thời kỳ đổi mới.docx
[08:49:53]     CMS URL   : https://vinabrand.vn/admin/news_tb/field/root_id=999
[08:49:53]     Đã ở đúng trang đăng bài, không cần đăng nhập.
[08:49:53] [3] Điền 5 ô đầu...
[08:49:54] [PIPELINE] Word ready in RAM: row 1120 | D:\CodexProjects\Hotkeyvip\07_ket_qua\bai_viet\kythuatmarketing.com\đánh giá hiệu suất đội ngũ marketing.docx
[08:49:54] [6] Chọn Danh mục / Tác giả từ dữ liệu đã chốt...

[08:49:54] ========================================================================
[08:49:54] BẮT ĐẦU BÀI 15/35
[08:49:54] ========================================================================
[08:49:54] [PIPELINE] Using Word data already prepared in RAM.
[08:49:54]     Excel row : 1120
[08:49:54]     Word file : D:\CodexProjects\Hotkeyvip\07_ket_qua\bai_viet\kythuatmarketing.com\đánh giá hiệu suất đội ngũ marketing.docx
[08:49:54]     CMS URL   : https://kythuatmarketing.com/admin/news_tb/field/root_id=999
[08:49:54]     Đã ở đúng trang đăng bài, không cần đăng nhập.
[08:49:54] [3] Điền 5 ô đầu...
[08:49:54] [5] Đưa HTML Word vào CKEditor detail...
[08:49:54] Đã nạp CKEditor, độ dài HTML: 29708
[08:49:54] Đã mở Select2 Danh mục.
[08:49:55] Đã chọn Danh mục: Doanh nhân
[08:49:55] [6] Chọn Danh mục / Tác giả từ dữ liệu đã chốt...
[08:49:55] Đã mở Select2 Danh mục.
[08:49:55] [PIPELINE] Word ready in RAM: row 1121 | D:\CodexProjects\Hotkeyvip\07_ket_qua\bai_viet\kythuatmarketing.com\quản trị marketing cho doanh nghiệp nhỏ.docx

[08:49:55] ========================================================================
[08:49:55] BẮT ĐẦU BÀI 16/35
[08:49:55] ========================================================================
[08:49:55] [PIPELINE] Using Word data already prepared in RAM.
[08:49:55]     Excel row : 1121
[08:49:55]     Word file : D:\CodexProjects\Hotkeyvip\07_ket_qua\bai_viet\kythuatmarketing.com\quản trị marketing cho doanh nghiệp nhỏ.docx
[08:49:55]     CMS URL   : https://kythuatmarketing.com/admin/news_tb/field/root_id=999
[08:49:55]     Đã ở đúng trang đăng bài, không cần đăng nhập.
[08:49:55] [3] Điền 5 ô đầu...
[08:49:55] [7] Tạo đủ block và dán FAQ một lượt...
[08:49:55] Đã chọn Danh mục: Doanh nghiệp
[08:49:56] Đã tải xong ô Select2 Tác giả.
[08:49:56] [6] Chọn Danh mục / Tác giả từ dữ liệu đã chốt...
[08:49:56] Đã random Tác giả từ CMS: Doãn Lê Gia Khánh

[08:49:56] Kết quả Danh mục/Tác giả:
[08:49:56] - Trạng thái: OK
[08:49:56] - Danh mục  : Doanh nhân
[08:49:56] - Tác giả   : Doãn Lê Gia Khánh
[08:49:56] [4] Đưa Edge lên trước và focus CKEditor detail...
[08:49:56] Đã mở Select2 Danh mục.
[08:49:56] Đã tạo đủ 5 block FAQ.
[08:49:57] Đã tải xong ô Select2 Tác giả.
[08:49:57] Đã dán một lượt 5 cặp FAQ.

[08:49:57] Kết quả FAQ:
[08:49:57] - Trạng thái: OK
[08:49:57] - Số cặp    : 5
[08:49:57] [3] Upload ảnh đại diện...
[08:49:57]     OK: đã gửi ảnh đại diện
[08:49:57] [4] Mở popup ảnh CKEditor...
[08:49:57] Đã chọn Danh mục: Doanh nghiệp
[08:49:57] Đã random Tác giả từ CMS: Cao Minh Hải Đăng

[08:49:57] Kết quả Danh mục/Tác giả:
[08:49:57] - Trạng thái: OK
[08:49:57] - Danh mục  : Doanh nghiệp
[08:49:57] - Tác giả   : Cao Minh Hải Đăng
[08:49:57] [4] Đưa Edge lên trước và focus CKEditor detail...
[08:49:57] [5] Đưa HTML Word vào CKEditor detail...
[08:49:57] Đã nạp CKEditor, độ dài HTML: 16521
[08:49:57] [5] Click tab Tải lên...
[08:49:57] [6] Chọn ảnh bài viết...
[08:49:57]     D:\CodexProjects\Hotkeyvip\07_ket_qua\bai_viet\tiepthisaigon.com.vn\quản trị doanh nghiệp và quản lý doanh nghiệp 2.png
[08:49:57]     OK: đã chọn file trong popup
[08:49:57] [7] Click Tải lên máy chủ...
[08:49:58] Đã tải xong ô Select2 Tác giả.
[08:49:58] [8] Chờ server trả URL ảnh...
[08:49:58] [5] Đưa HTML Word vào CKEditor detail...
[08:49:58] Đã random Tác giả từ CMS: Đinh Trần Công Phúc

[08:49:58] Kết quả Danh mục/Tác giả:
[08:49:58] - Trạng thái: OK
[08:49:58] - Danh mục  : Doanh nghiệp
[08:49:58] - Tác giả   : Đinh Trần Công Phúc
[08:49:58] [4] Đưa Edge lên trước và focus CKEditor detail...
[08:49:58] Đã nạp CKEditor, độ dài HTML: 72597
[08:49:58] [7] Tạo đủ block và dán FAQ một lượt...

[08:49:58] Kết quả FAQ:
[08:49:58] - Trạng thái: SKIP
[08:49:58] - Số cặp    : 0
[08:49:58] [3] Upload ảnh đại diện...
[08:49:58]     OK: đã gửi ảnh đại diện
[08:49:58] [4] Mở popup ảnh CKEditor...
[08:49:58]     URL: /uploads/images/editor/quan-tri-doanh-nghiep-va-quan-ly-doanh-nghiep-2.png
[08:49:58] [9] Click Đồng ý...
[08:49:59]     OK: ảnh đã được chèn vào CKEditor
[08:49:59] [13] Lấy và gom HTML trực tiếp trong CKEditor...
[08:49:59]     OK: đã gom HTML bằng Python
[08:49:59]     HTML trước : 29910 ký tự
[08:49:59]     HTML sau   : 20802 ký tự
[08:49:59]     Số ảnh     : 1
[08:49:59]     Số H2/H3   : 8/9
[08:49:59] [CONTENT CHECK] OK: 12 Word markers found in CKEditor.
[08:49:59] [14] Kiểm tra bảo hiểm ngay trước khi Save...
[08:49:59]     OK: Title, H1, Keyword, Danh mục, ảnh, H2 và bullet đều hợp lệ.
[08:49:59]     Đang chờ khóa Save/Xác nhận ID của đúng tên miền...
[08:49:59]     Đã đến lượt Save/Xác nhận ID của tên miền này.
[08:49:59] [14] Click nút lưu bài...
[08:49:59] [5] Click tab Tải lên...
[08:49:59] [5] Đưa HTML Word vào CKEditor detail...
[08:49:59] [6] Chọn ảnh bài viết...
[08:49:59]     D:\CodexProjects\Hotkeyvip\07_ket_qua\bai_viet\vinabrand.vn\doanh nhân thời kỳ đổi mới 2.png
[08:49:59] [7] Tạo đủ block và dán FAQ một lượt...
[08:49:59]     OK: đã chọn file trong popup
[08:49:59] [7] Click Tải lên máy chủ...
[08:49:59] Đã nạp CKEditor, độ dài HTML: 69980
[08:49:59] [8] Chờ server trả URL ảnh...
[08:50:00]     URL: /uploads/images/editor/doanh-nhan-thoi-ky-doi-moi-2.png
[08:50:00] [9] Click Đồng ý...
[08:50:00] [7] Tạo đủ block và dán FAQ một lượt...
[08:50:00] Đã tạo đủ 5 block FAQ.
[08:50:00]     OK: ảnh đã được chèn vào CKEditor
[08:50:00] [13] Lấy và gom HTML trực tiếp trong CKEditor...
[08:50:00] Đã dán một lượt 5 cặp FAQ.

[08:50:00] Kết quả FAQ:
[08:50:00] - Trạng thái: OK
[08:50:00] - Số cặp    : 5
[08:50:00] [3] Upload ảnh đại diện...
[08:50:00]     OK: đã gom HTML bằng Python
[08:50:00]     HTML trước : 16696 ký tự
[08:50:00]     HTML sau   : 14249 ký tự
[08:50:00]     Số ảnh     : 1
[08:50:00]     Số H2/H3   : 7/0
[08:50:00] [CONTENT CHECK] OK: 12 Word markers found in CKEditor.
[08:50:00] [14] Kiểm tra bảo hiểm ngay trước khi Save...
[08:50:00]     OK: Title, H1, Keyword, Danh mục, ảnh, H2 và bullet đều hợp lệ.
[08:50:00]     Đang chờ khóa Save/Xác nhận ID của đúng tên miền...
[08:50:00]     Đã đến lượt Save/Xác nhận ID của tên miền này.
[08:50:00] [14] Click nút lưu bài...
[08:50:00]     OK: đã gửi ảnh đại diện
[08:50:00] [4] Mở popup ảnh CKEditor...
[08:50:01] [5] Click tab Tải lên...
[08:50:01] Đã tạo đủ 5 block FAQ.
[08:50:01] [6] Chọn ảnh bài viết...
[08:50:01]     D:\CodexProjects\Hotkeyvip\07_ket_qua\bai_viet\kythuatmarketing.com\đánh giá hiệu suất đội ngũ marketing 2.png
[08:50:01] Đã dán một lượt 5 cặp FAQ.

[08:50:01] Kết quả FAQ:
[08:50:01] - Trạng thái: OK
[08:50:01] - Số cặp    : 5
[08:50:01] [3] Upload ảnh đại diện...
[08:50:01]     OK: đã chuyển sang URL sau khi lưu: https://tiepthisaigon.com.vn/admin/news_tb/list/root_id=999
[08:50:01]     OK: đã chọn file trong popup
[08:50:01] [7] Click Tải lên máy chủ...
[08:50:01]     Không thấy đúng một URL công khai chắc chắn trong hàng bài → để trống URL đã đăng.
[08:50:01]     ID CMS vừa đăng: 4679

[08:50:01] ========================================================================
[08:50:01] ĐÃ LƯU XONG BÀI 25/35
[08:50:01] - Dòng Excel: 2017
[08:50:01] - HTML trước/sau: 29910/20802 ký tự
[08:50:01] - URL CMS sau khi lưu: https://tiepthisaigon.com.vn/admin/news_tb/list/root_id=999
[08:50:01] ========================================================================
[08:50:01] [OK] Worker 2 xong dòng 2017 | 26/35
[08:50:01] [GIAO] Worker 2 <- dòng 2018 | tiepthisaigon.com.vn | giao ngay cho worker rảnh

[08:50:01] [WORKER 2] BẮT ĐẦU DÒNG 2018
[08:50:01]     OK: đã gửi ảnh đại diện
[08:50:01] [4] Mở popup ảnh CKEditor...
[08:50:01] [8] Chờ server trả URL ảnh...
[08:50:02]     Đã ở đúng trang đăng bài, không cần đăng nhập.
[08:50:02] [5] Click tab Tải lên...
[08:50:02]     URL: /uploads/images/editor/danh-gia-hieu-suat-doi-ngu-marketing-2.png
[08:50:02] [9] Click Đồng ý...
[08:50:02] [6] Chọn ảnh bài viết...
[08:50:02]     D:\CodexProjects\Hotkeyvip\07_ket_qua\bai_viet\kythuatmarketing.com\quản trị marketing cho doanh nghiệp nhỏ 2.png
[08:50:02]     OK: đã chọn file trong popup
[08:50:02] [7] Click Tải lên máy chủ...
[08:50:02]     OK: ảnh đã được chèn vào CKEditor
[08:50:02] [13] Lấy và gom HTML trực tiếp trong CKEditor...
[08:50:03] [8] Chờ server trả URL ảnh...
[08:50:03]     OK: đã chuyển sang URL sau khi lưu: https://vinabrand.vn/admin/news_tb/list/root_id=999
[08:50:03]     OK: đã gom HTML bằng Python
[08:50:03]     HTML trước : 72777 ký tự
[08:50:03]     HTML sau   : 49086 ký tự
[08:50:03]     Số ảnh     : 1
[08:50:03]     Số H2/H3   : 14/38
[08:50:03]     Không thấy đúng một URL công khai chắc chắn trong hàng bài → để trống URL đã đăng.
[08:50:03]     ID CMS vừa đăng: 7974

[08:50:03] ========================================================================
[08:50:03] ĐÃ LƯU XONG BÀI 34/35
[08:50:03] - Dòng Excel: 2852
[08:50:03] - HTML trước/sau: 16696/14249 ký tự
[08:50:03] - URL CMS sau khi lưu: https://vinabrand.vn/admin/news_tb/list/root_id=999
[08:50:03] ========================================================================
[08:50:03] [OK] Worker 4 xong dòng 2852 | 27/35
[08:50:03] [GIAO] Worker 4 <- dòng 2853 | vinabrand.vn | giao ngay cho worker rảnh

[08:50:03] [WORKER 4] BẮT ĐẦU DÒNG 2853
[08:50:03] [CONTENT CHECK] OK: 12 Word markers found in CKEditor.
[08:50:03] [14] Kiểm tra bảo hiểm ngay trước khi Save...
[08:50:03]     OK: Title, H1, Keyword, Danh mục, ảnh, H2 và bullet đều hợp lệ.
[08:50:03]     Đang chờ khóa Save/Xác nhận ID của đúng tên miền...
[08:50:03]     Đã đến lượt Save/Xác nhận ID của tên miền này.
[08:50:03] [14] Click nút lưu bài...
[08:50:03]     Đã ở đúng trang đăng bài, không cần đăng nhập.
[08:50:03]     URL: /uploads/images/editor/quan-tri-marketing-cho-doanh-nghiep-nho-2.png
[08:50:03] [9] Click Đồng ý...
[08:50:04]     OK: ảnh đã được chèn vào CKEditor
[08:50:04] [13] Lấy và gom HTML trực tiếp trong CKEditor...
[08:50:04]     OK: đã gom HTML bằng Python
[08:50:04]     HTML trước : 70165 ký tự
[08:50:04]     HTML sau   : 46870 ký tự
[08:50:04]     Số ảnh     : 1
[08:50:04]     Số H2/H3   : 13/36
[08:50:04] [CONTENT CHECK] OK: 12 Word markers found in CKEditor.
[08:50:04] [14] Kiểm tra bảo hiểm ngay trước khi Save...
[08:50:04]     OK: Title, H1, Keyword, Danh mục, ảnh, H2 và bullet đều hợp lệ.
[08:50:04]     Đang chờ khóa Save/Xác nhận ID của đúng tên miền...
[08:50:05] [1] Đã chọn dòng 2018: cấp quản trị doanh nghiệp
[08:50:05]     Word chạy nền, không hiện cửa sổ.
[08:50:05]     File: D:\CodexProjects\Hotkeyvip\07_ket_qua\bai_viet\tiepthisaigon.com.vn\cấp quản trị doanh nghiệp.docx
[08:50:05]     Dòng Excel được truyền trực tiếp: 2018

[08:50:05] Đối chiếu tài nguyên đăng bài:
[08:50:05] - File Word     : D:\CodexProjects\Hotkeyvip\07_ket_qua\bai_viet\tiepthisaigon.com.vn\cấp quản trị doanh nghiệp.docx
[08:50:05] - Tên gốc Word : cấp quản trị doanh nghiệp
[08:50:05] - Ảnh đại diện : D:\CodexProjects\Hotkeyvip\07_ket_qua\bai_viet\tiepthisaigon.com.vn\cấp quản trị doanh nghiệp 1.png
[08:50:05] - Ảnh bài viết : D:\CodexProjects\Hotkeyvip\07_ket_qua\bai_viet\tiepthisaigon.com.vn\cấp quản trị doanh nghiệp 2.png
[08:50:05]     OK: đã chuyển sang URL sau khi lưu: https://kythuatmarketing.com/admin/news_tb/list/root_id=999
[08:50:05]     Không thấy đúng một URL công khai chắc chắn trong hàng bài → để trống URL đã đăng.
[08:50:05]     ID CMS vừa đăng: 3242

[08:50:05] ========================================================================    Đã đến lượt Save/Xác nhận ID của tên miền này.
[08:50:05] ĐÃ LƯU XONG BÀI 15/35

[08:50:05] [14] Click nút lưu bài...
[08:50:05] - Dòng Excel: 1120
[08:50:05] - HTML trước/sau: 72777/49086 ký tự
[08:50:05] - URL CMS sau khi lưu: https://kythuatmarketing.com/admin/news_tb/list/root_id=999
[08:50:05] ========================================================================
[08:50:05] [OK] Worker 3 xong dòng 1120 | 28/35
[08:50:05] [GIAO] Worker 3 <- dòng 1123 | kythuatmarketing.com | giao ngay cho worker rảnh

[08:50:05] [WORKER 3] BẮT ĐẦU DÒNG 1123
[08:50:06]     Đã ở đúng trang đăng bài, không cần đăng nhập.
[08:50:07] [1] Đã chọn dòng 2853: doanh nhân trong kỷ nguyên số
[08:50:07]     Word chạy nền, không hiện cửa sổ.
[08:50:07]     File: D:\CodexProjects\Hotkeyvip\07_ket_qua\bai_viet\vinabrand.vn\doanh nhân trong kỷ nguyên số.docx
[08:50:07]     Dòng Excel được truyền trực tiếp: 2853

[08:50:07] Đối chiếu tài nguyên đăng bài:
[08:50:07] - File Word     : D:\CodexProjects\Hotkeyvip\07_ket_qua\bai_viet\vinabrand.vn\doanh nhân trong kỷ nguyên số.docx
[08:50:07] - Tên gốc Word : doanh nhân trong kỷ nguyên số
[08:50:07] - Ảnh đại diện : D:\CodexProjects\Hotkeyvip\07_ket_qua\bai_viet\vinabrand.vn\doanh nhân trong kỷ nguyên số 1.png
[08:50:07] - Ảnh bài viết : D:\CodexProjects\Hotkeyvip\07_ket_qua\bai_viet\vinabrand.vn\doanh nhân trong kỷ nguyên số 2.png
[08:50:08]     OK: đã chuyển sang URL sau khi lưu: https://kythuatmarketing.com/admin/news_tb/list/root_id=999
[08:50:08]     Không thấy đúng một URL công khai chắc chắn trong hàng bài → để trống URL đã đăng.
[08:50:08]     ID CMS vừa đăng: 3243

[08:50:08] ========================================================================
[08:50:08] ĐÃ LƯU XONG BÀI 16/35
[08:50:08] - Dòng Excel: 1121
[08:50:08] - HTML trước/sau: 70165/46870 ký tự
[08:50:08] - URL CMS sau khi lưu: https://kythuatmarketing.com/admin/news_tb/list/root_id=999
[08:50:08] ========================================================================
[08:50:08] [OK] Worker 1 xong dòng 1121 | 29/35
[08:50:08] [GIAO] Worker 1 <- dòng 1124 | kythuatmarketing.com | giao ngay cho worker rảnh

[08:50:08] [WORKER 1] BẮT ĐẦU DÒNG 1124
[08:50:08]     Đã ở đúng trang đăng bài, không cần đăng nhập.
[08:50:09] [1] Đã chọn dòng 1123: mô hình quản trị marketing
[08:50:09]     Word chạy nền, không hiện cửa sổ.
[08:50:09]     File: D:\CodexProjects\Hotkeyvip\07_ket_qua\bai_viet\kythuatmarketing.com\mô hình quản trị marketing.docx
[08:50:09]     Dòng Excel được truyền trực tiếp: 1123

[08:50:09] Đối chiếu tài nguyên đăng bài:
[08:50:09] - File Word     : D:\CodexProjects\Hotkeyvip\07_ket_qua\bai_viet\kythuatmarketing.com\mô hình quản trị marketing.docx
[08:50:09] - Tên gốc Word : mô hình quản trị marketing
[08:50:09] - Ảnh đại diện : D:\CodexProjects\Hotkeyvip\07_ket_qua\bai_viet\kythuatmarketing.com\mô hình quản trị marketing 1.png
[08:50:09] - Ảnh bài viết : D:\CodexProjects\Hotkeyvip\07_ket_qua\bai_viet\kythuatmarketing.com\mô hình quản trị marketing 2.png
[08:50:10]     DANH_MUC_ID đã có: tiepthisaigon.com.vn | Doanh nghiệp | ID 11
[08:50:10] Đã tìm thấy phần FAQ → chỉ lấy nội dung chính trước FAQ.
[08:50:10]     Waiting for Word Clipboard transfer...
[08:50:11] Đã lấy HTML trực tiếp từ Clipboard Word, độ dài: 21391 ký tự.
[08:50:11] Đã tìm thấy phần FAQ → chỉ lấy nội dung chính trước FAQ.
[08:50:11]     Waiting for Word Clipboard transfer...
[08:50:11] Đã lấy HTML trực tiếp từ Clipboard Word, độ dài: 60741 ký tự.
[08:50:12] [1] Đã chọn dòng 1124: chuyển đổi số trong quản trị marketing
[08:50:12]     Word chạy nền, không hiện cửa sổ.
[08:50:12]     File: D:\CodexProjects\Hotkeyvip\07_ket_qua\bai_viet\kythuatmarketing.com\chuyển đổi số trong quản trị marketing.docx
[08:50:12]     Dòng Excel được truyền trực tiếp: 1124

[08:50:12] Đối chiếu tài nguyên đăng bài:
[08:50:12] - File Word     : D:\CodexProjects\Hotkeyvip\07_ket_qua\bai_viet\kythuatmarketing.com\chuyển đổi số trong quản trị marketing.docx
[08:50:12] - Tên gốc Word : chuyển đổi số trong quản trị marketing
[08:50:12] - Ảnh đại diện : D:\CodexProjects\Hotkeyvip\07_ket_qua\bai_viet\kythuatmarketing.com\chuyển đổi số trong quản trị marketing 1.png
[08:50:12] - Ảnh bài viết : D:\CodexProjects\Hotkeyvip\07_ket_qua\bai_viet\kythuatmarketing.com\chuyển đổi số trong quản trị marketing 2.png
[08:50:12] Đã đọc được 5 cặp FAQ hợp lệ từ Word.
[08:50:12] Đã đọc được 5 cặp FAQ hợp lệ từ Word.
[08:50:14] Không thấy tiêu đề FAQ → lấy nội dung đến cuối Word.
[08:50:14]     Waiting for Word Clipboard transfer...
[08:50:14] Đã lấy HTML trực tiếp từ Clipboard Word, độ dài: 34488 ký tự.
[08:50:14]     DANH_MUC_ID đã có: vinabrand.vn | Doanh nhân | ID 93
[08:50:15] Đã tìm thấy phần FAQ → chỉ lấy nội dung chính trước FAQ.
[08:50:15]     Waiting for Word Clipboard transfer...
[08:50:15] Không có FAQ trong 50 đoạn cuối Word → bỏ qua bước FAQ.
[08:50:15] Đã lấy HTML trực tiếp từ Clipboard Word, độ dài: 80514 ký tự.
[08:50:16]     Đã gắn Note kiểm tra vào ô URL đã đăng, dòng 2852.
[08:50:16] Đã đọc được 5 cặp FAQ hợp lệ từ Word.
[08:50:18] [PIPELINE] Word ready in RAM: row 2853 | D:\CodexProjects\Hotkeyvip\07_ket_qua\bai_viet\vinabrand.vn\doanh nhân trong kỷ nguyên số.docx

[08:50:18] ========================================================================
[08:50:18] BẮT ĐẦU BÀI 35/35
[08:50:18] ========================================================================
[08:50:18] [PIPELINE] Using Word data already prepared in RAM.
[08:50:18]     Excel row : 2853
[08:50:18]     Word file : D:\CodexProjects\Hotkeyvip\07_ket_qua\bai_viet\vinabrand.vn\doanh nhân trong kỷ nguyên số.docx
[08:50:18]     CMS URL   : https://vinabrand.vn/admin/news_tb/field/root_id=999
[08:50:18]     Đã ở đúng trang đăng bài, không cần đăng nhập.
[08:50:18] [3] Điền 5 ô đầu...
[08:50:18]     DANH_MUC_ID đã có: kythuatmarketing.com | Doanh nghiệp | ID 6
[08:50:18] [6] Chọn Danh mục / Tác giả từ dữ liệu đã chốt...
[08:50:19] Đã mở Select2 Danh mục.
[08:50:19] Đã chọn Danh mục: Doanh nhân
[08:50:20] Đã tải xong ô Select2 Tác giả.
[08:50:20] Đã random Tác giả từ CMS: Bùi Lâm Hải Tùng

[08:50:20] Kết quả Danh mục/Tác giả:
[08:50:20] - Trạng thái: OK
[08:50:20] - Danh mục  : Doanh nhân
[08:50:20] - Tác giả   : Bùi Lâm Hải Tùng
[08:50:20] [4] Đưa Edge lên trước và focus CKEditor detail...
[08:50:21]     DANH_MUC_ID đã có: kythuatmarketing.com | Doanh nghiệp | ID 6
[08:50:21] [5] Đưa HTML Word vào CKEditor detail...
[08:50:21] Đã nạp CKEditor, độ dài HTML: 13798
[08:50:22] [7] Tạo đủ block và dán FAQ một lượt...
[08:50:23] Đã tạo đủ 5 block FAQ.
[08:50:23] Đã dán một lượt 5 cặp FAQ.

[08:50:23] Kết quả FAQ:
[08:50:23] - Trạng thái: OK
[08:50:23] - Số cặp    : 5
[08:50:23] [3] Upload ảnh đại diện...
[08:50:23]     OK: đã gửi ảnh đại diện
[08:50:23] [4] Mở popup ảnh CKEditor...
[08:50:23] [PIPELINE] Word ready in RAM: row 1124 | D:\CodexProjects\Hotkeyvip\07_ket_qua\bai_viet\kythuatmarketing.com\chuyển đổi số trong quản trị marketing.docx

[08:50:23] ========================================================================
[08:50:23] BẮT ĐẦU BÀI 19/35
[08:50:23] ========================================================================
[08:50:23] [PIPELINE] Using Word data already prepared in RAM.
[08:50:23]     Excel row : 1124
[08:50:23]     Word file : D:\CodexProjects\Hotkeyvip\07_ket_qua\bai_viet\kythuatmarketing.com\chuyển đổi số trong quản trị marketing.docx
[08:50:23]     CMS URL   : https://kythuatmarketing.com/admin/news_tb/field/root_id=999
[08:50:23]     Đã ở đúng trang đăng bài, không cần đăng nhập.
[08:50:23] [3] Điền 5 ô đầu...
[08:50:24] [5] Click tab Tải lên...
[08:50:24] [6] Chọn ảnh bài viết...
[08:50:24]     D:\CodexProjects\Hotkeyvip\07_ket_qua\bai_viet\vinabrand.vn\doanh nhân trong kỷ nguyên số 2.png
[08:50:24] [6] Chọn Danh mục / Tác giả từ dữ liệu đã chốt...
[08:50:24]     OK: đã chọn file trong popup
[08:50:24] [7] Click Tải lên máy chủ...
[08:50:24] [PIPELINE] Word ready in RAM: row 2018 | D:\CodexProjects\Hotkeyvip\07_ket_qua\bai_viet\tiepthisaigon.com.vn\cấp quản trị doanh nghiệp.docx

[08:50:24] ========================================================================
[08:50:24] BẮT ĐẦU BÀI 26/35
[08:50:24] ========================================================================
[08:50:24] [PIPELINE] Using Word data already prepared in RAM.
[08:50:24]     Excel row : 2018
[08:50:24]     Word file : D:\CodexProjects\Hotkeyvip\07_ket_qua\bai_viet\tiepthisaigon.com.vn\cấp quản trị doanh nghiệp.docx
[08:50:24]     CMS URL   : https://tiepthisaigon.com.vn/admin/news_tb/field/root_id=999
[08:50:24]     Đã ở đúng trang đăng bài, không cần đăng nhập.
[08:50:24] [3] Điền 5 ô đầu...
[08:50:24] [8] Chờ server trả URL ảnh...
[08:50:24] Đã mở Select2 Danh mục.
[08:50:24] Đã chọn Danh mục: Doanh nghiệp
[08:50:25] [6] Chọn Danh mục / Tác giả từ dữ liệu đã chốt...
[08:50:25]     URL: /uploads/images/editor/doanh-nhan-trong-ky-nguyen-so-2.png
[08:50:25] [9] Click Đồng ý...
[08:50:25]     OK: ảnh đã được chèn vào CKEditor
[08:50:25] [13] Lấy và gom HTML trực tiếp trong CKEditor...
[08:50:25] Đã mở Select2 Danh mục.
[08:50:25]     OK: đã gom HTML bằng Python
[08:50:25]     HTML trước : 13980 ký tự
[08:50:25]     HTML sau   : 9985 ký tự
[08:50:25]     Số ảnh     : 1
[08:50:25]     Số H2/H3   : 7/12
[08:50:25] [CONTENT CHECK] OK: 12 Word markers found in CKEditor.
[08:50:25] [14] Kiểm tra bảo hiểm ngay trước khi Save...
[08:50:25]     OK: Title, H1, Keyword, Danh mục, ảnh, H2 và bullet đều hợp lệ.
[08:50:25]     Đang chờ khóa Save/Xác nhận ID của đúng tên miền...
[08:50:25]     Đã đến lượt Save/Xác nhận ID của tên miền này.
[08:50:25] [14] Click nút lưu bài...
[08:50:25] Đã chọn Danh mục: Doanh nghiệp
[08:50:25] Đã tải xong ô Select2 Tác giả.
[08:50:26] [PIPELINE] Word ready in RAM: row 1122 | D:\CodexProjects\Hotkeyvip\07_ket_qua\bai_viet\kythuatmarketing.com\thách thức quản trị marketing.docx
[08:50:26] Đã random Tác giả từ CMS: Châu Khánh Ngọc Lan

[08:50:26] Kết quả Danh mục/Tác giả:
[08:50:26] - Trạng thái: OK
[08:50:26] - Danh mục  : Doanh nghiệp
[08:50:26] - Tác giả   : Châu Khánh Ngọc Lan
[08:50:26] [4] Đưa Edge lên trước và focus CKEditor detail...

[08:50:26] ========================================================================
[08:50:26] BẮT ĐẦU BÀI 17/35
[08:50:26] ========================================================================
[08:50:26] [PIPELINE] Using Word data already prepared in RAM.
[08:50:26]     Excel row : 1122
[08:50:26]     Word file : D:\CodexProjects\Hotkeyvip\07_ket_qua\bai_viet\kythuatmarketing.com\thách thức quản trị marketing.docx
[08:50:26]     CMS URL   : https://kythuatmarketing.com/admin/news_tb/field/root_id=999
[08:50:26]     Đã ở đúng trang đăng bài, không cần đăng nhập.
[08:50:26] [3] Điền 5 ô đầu...
[08:50:26] Đã tải xong ô Select2 Tác giả.
[08:50:26] [6] Chọn Danh mục / Tác giả từ dữ liệu đã chốt...
[08:50:27] Đã random Tác giả từ CMS: Bùi Hoàng Khánh Nam

[08:50:27] Kết quả Danh mục/Tác giả:
[08:50:27] - Trạng thái: OK
[08:50:27] - Danh mục  : Doanh nghiệp
[08:50:27] - Tác giả   : Bùi Hoàng Khánh Nam
[08:50:27] [4] Đưa Edge lên trước và focus CKEditor detail...
[08:50:27] [5] Đưa HTML Word vào CKEditor detail...
[08:50:27] Đã nạp CKEditor, độ dài HTML: 25980
[08:50:27] Đã mở Select2 Danh mục.
[08:50:27] Đã chọn Danh mục: Doanh nghiệp
[08:50:27]     OK: đã chuyển sang URL sau khi lưu: https://vinabrand.vn/admin/news_tb/list/root_id=999
[08:50:27]     Không thấy đúng một URL công khai chắc chắn trong hàng bài → để trống URL đã đăng.
[08:50:27]     ID CMS vừa đăng: 7975

[08:50:27] ========================================================================
[08:50:27] ĐÃ LƯU XONG BÀI 35/35
[08:50:27] - Dòng Excel: 2853
[08:50:27] - HTML trước/sau: 13980/9985 ký tự
[08:50:27] - URL CMS sau khi lưu: https://vinabrand.vn/admin/news_tb/list/root_id=999
[08:50:27] ========================================================================
[08:50:27] [OK] Worker 4 xong dòng 2853 | 30/35
[08:50:27] [GIAO] Worker 4 <- dòng 2019 | tiepthisaigon.com.vn | giao ngay cho worker rảnh

[08:50:27] [WORKER 4] BẮT ĐẦU DÒNG 2019
[08:50:28] [5] Đưa HTML Word vào CKEditor detail...
[08:50:28] Đã nạp CKEditor, độ dài HTML: 30820
[08:50:28] [7] Tạo đủ block và dán FAQ một lượt...

[08:50:28] Kết quả FAQ:
[08:50:28] - Trạng thái: SKIP
[08:50:28] - Số cặp    : 0
[08:50:28] [3] Upload ảnh đại diện...
[08:50:28]     OK: đã gửi ảnh đại diện
[08:50:28] [4] Mở popup ảnh CKEditor...
[08:50:28] Đã tải xong ô Select2 Tác giả.
[08:50:28]     Phát hiện trang đăng nhập → chờ khóa Login ngắn...
[08:50:28]     Phát hiện trang đăng nhập → tự nhập ID và mật khẩu...
[08:50:28] Đã random Tác giả từ CMS: Đinh Trần Công Phúc

[08:50:28] Kết quả Danh mục/Tác giả:
[08:50:28] - Trạng thái: OK
[08:50:28] - Danh mục  : Doanh nghiệp
[08:50:28] - Tác giả   : Đinh Trần Công Phúc
[08:50:28] [4] Đưa Edge lên trước và focus CKEditor detail...
[08:50:29] [5] Click tab Tải lên...
[08:50:29]     Đã nhập đủ ID/mật khẩu → click ĐĂNG NHẬP một lần.
[08:50:29] [7] Tạo đủ block và dán FAQ một lượt...
[08:50:29] [6] Chọn ảnh bài viết...
[08:50:29]     D:\CodexProjects\Hotkeyvip\07_ket_qua\bai_viet\kythuatmarketing.com\chuyển đổi số trong quản trị marketing 2.png
[08:50:29]     OK: đã chọn file trong popup
[08:50:29] [7] Click Tải lên máy chủ...
[08:50:29] [8] Chờ server trả URL ảnh...
[08:50:30] [5] Đưa HTML Word vào CKEditor detail...
[08:50:30]     URL: /uploads/images/editor/chuyen-doi-so-trong-quan-tri-marketing-2.png
[08:50:30] [9] Click Đồng ý...
[08:50:30] Đã tạo đủ 5 block FAQ.
[08:50:30] Đã nạp CKEditor, độ dài HTML: 83584
[08:50:30] Đã dán một lượt 5 cặp FAQ.

[08:50:30] Kết quả FAQ:
[08:50:30] - Trạng thái: OK
[08:50:30] - Số cặp    : 5
[08:50:30] [3] Upload ảnh đại diện...
[08:50:30]     DANH_MUC_ID đã có: vinabrand.vn | Doanh nhân | ID 93
[08:50:30]     OK: đã gửi ảnh đại diện
[08:50:30] [4] Mở popup ảnh CKEditor...
[08:50:30]     OK: ảnh đã được chèn vào CKEditor
[08:50:30] [13] Lấy và gom HTML trực tiếp trong CKEditor...
[08:50:30]     OK: đã gom HTML bằng Python
[08:50:30]     HTML trước : 26167 ký tự
[08:50:30]     HTML sau   : 19930 ký tự
[08:50:30]     Số ảnh     : 1
[08:50:30]     Số H2/H3   : 7/7
[08:50:30] [CONTENT CHECK] OK: 12 Word markers found in CKEditor.
[08:50:30] [14] Kiểm tra bảo hiểm ngay trước khi Save...
[08:50:30]     OK: Title, H1, Keyword, Danh mục, ảnh, H2 và bullet đều hợp lệ.
[08:50:30]     Đang chờ khóa Save/Xác nhận ID của đúng tên miền...
[08:50:30]     Đã đến lượt Save/Xác nhận ID của tên miền này.
[08:50:30] [14] Click nút lưu bài...
[08:50:30] [1] Đã chọn dòng 2019: kỹ năng quản trị doanh nghiệp
[08:50:30]     Word chạy nền, không hiện cửa sổ.
[08:50:30]     File: D:\CodexProjects\Hotkeyvip\07_ket_qua\bai_viet\tiepthisaigon.com.vn\kỹ năng quản trị doanh nghiệp.docx
[08:50:30]     Dòng Excel được truyền trực tiếp: 2019

[08:50:30] Đối chiếu tài nguyên đăng bài:
[08:50:30] - File Word     : D:\CodexProjects\Hotkeyvip\07_ket_qua\bai_viet\tiepthisaigon.com.vn\kỹ năng quản trị doanh nghiệp.docx
[08:50:30] - Tên gốc Word : kỹ năng quản trị doanh nghiệp
[08:50:30] - Ảnh đại diện : D:\CodexProjects\Hotkeyvip\07_ket_qua\bai_viet\tiepthisaigon.com.vn\kỹ năng quản trị doanh nghiệp 1.png
[08:50:30] - Ảnh bài viết : D:\CodexProjects\Hotkeyvip\07_ket_qua\bai_viet\tiepthisaigon.com.vn\kỹ năng quản trị doanh nghiệp 2.png
[08:50:30]     Đăng nhập thành công, đã vào đúng trang đăng bài.
[08:50:30] [5] Click tab Tải lên...
[08:50:31] [6] Chọn ảnh bài viết...
[08:50:31]     D:\CodexProjects\Hotkeyvip\07_ket_qua\bai_viet\tiepthisaigon.com.vn\cấp quản trị doanh nghiệp 2.png
[08:50:31]     OK: đã chọn file trong popup
[08:50:31] [7] Click Tải lên máy chủ...
[08:50:31] [7] Tạo đủ block và dán FAQ một lượt...
[08:50:31] [8] Chờ server trả URL ảnh...
[08:50:31]     URL: /uploads/images/editor/cap-quan-tri-doanh-nghiep-2.png
[08:50:31] [9] Click Đồng ý...
[08:50:32] Đã tạo đủ 5 block FAQ.
[08:50:32]     OK: ảnh đã được chèn vào CKEditor
[08:50:32] [13] Lấy và gom HTML trực tiếp trong CKEditor...
[08:50:32] Đã dán một lượt 5 cặp FAQ.

[08:50:32] Kết quả FAQ:
[08:50:32] - Trạng thái: OK
[08:50:32] - Số cặp    : 5
[08:50:32] [3] Upload ảnh đại diện...
[08:50:32]     OK: đã gom HTML bằng Python
[08:50:32]     HTML trước : 30996 ký tự
[08:50:32]     HTML sau   : 18453 ký tự
[08:50:32]     Số ảnh     : 1
[08:50:32]     Số H2/H3   : 6/3
[08:50:32] [CONTENT CHECK] OK: 12 Word markers found in CKEditor.
[08:50:32] [14] Kiểm tra bảo hiểm ngay trước khi Save...
[08:50:32]     OK: Title, H1, Keyword, Danh mục, ảnh, H2 và bullet đều hợp lệ.
[08:50:32]     Đang chờ khóa Save/Xác nhận ID của đúng tên miền...
[08:50:32]     Đã đến lượt Save/Xác nhận ID của tên miền này.
[08:50:32] [14] Click nút lưu bài...
[08:50:32]     OK: đã gửi ảnh đại diện
[08:50:32] [4] Mở popup ảnh CKEditor...
[08:50:32]     OK: đã chuyển sang URL sau khi lưu: https://kythuatmarketing.com/admin/news_tb/list/root_id=999
[08:50:33] Đã tìm thấy phần FAQ → chỉ lấy nội dung chính trước FAQ.
[08:50:33]     Waiting for Word Clipboard transfer...
[08:50:33]     Không thấy đúng một URL công khai chắc chắn trong hàng bài → để trống URL đã đăng.
[08:50:33]     ID CMS vừa đăng: 3244

[08:50:33] ========================================================================
[08:50:33] ĐÃ LƯU XONG BÀI 19/35
[08:50:33] - Dòng Excel: 1124
[08:50:33] - HTML trước/sau: 26167/19930 ký tự
[08:50:33] - URL CMS sau khi lưu: https://kythuatmarketing.com/admin/news_tb/list/root_id=999
[08:50:33] ========================================================================
[08:50:33] [OK] Worker 1 xong dòng 1124 | 31/35
[08:50:33] [5] Click tab Tải lên...
[08:50:33] Đã lấy HTML trực tiếp từ Clipboard Word, độ dài: 45361 ký tự.
[08:50:33] [6] Chọn ảnh bài viết...
[08:50:33]     D:\CodexProjects\Hotkeyvip\07_ket_qua\bai_viet\kythuatmarketing.com\thách thức quản trị marketing 2.png
[08:50:33]     OK: đã chọn file trong popup
[08:50:33] [7] Click Tải lên máy chủ...
[08:50:33] [8] Chờ server trả URL ảnh...
[08:50:34] Đã đọc được 4 cặp FAQ hợp lệ từ Word.
[08:50:34]     URL: /uploads/images/editor/thach-thuc-quan-tri-marketing-2.png
[08:50:34] [9] Click Đồng ý...
[08:50:34]     OK: ảnh đã được chèn vào CKEditor
[08:50:34] [13] Lấy và gom HTML trực tiếp trong CKEditor...
[08:50:34]     OK: đã gom HTML bằng Python
[08:50:34]     HTML trước : 83750 ký tự
[08:50:34]     HTML sau   : 56317 ký tự
[08:50:34]     Số ảnh     : 1
[08:50:34]     Số H2/H3   : 16/29
[08:50:34] [CONTENT CHECK] OK: 12 Word markers found in CKEditor.
[08:50:34] [14] Kiểm tra bảo hiểm ngay trước khi Save...
[08:50:34]     OK: Title, H1, Keyword, Danh mục, ảnh, H2 và bullet đều hợp lệ.
[08:50:34]     Đang chờ khóa Save/Xác nhận ID của đúng tên miền...
[08:50:34]     Đã đến lượt Save/Xác nhận ID của tên miền này.
[08:50:34] [14] Click nút lưu bài...
[08:50:34]     OK: đã chuyển sang URL sau khi lưu: https://tiepthisaigon.com.vn/admin/news_tb/list/root_id=999
[08:50:34]     Không thấy đúng một URL công khai chắc chắn trong hàng bài → để trống URL đã đăng.
[08:50:34]     ID CMS vừa đăng: 4680

[08:50:34] ========================================================================
[08:50:34] ĐÃ LƯU XONG BÀI 26/35
[08:50:34] - Dòng Excel: 2018
[08:50:34] - HTML trước/sau: 30996/18453 ký tự
[08:50:34] - URL CMS sau khi lưu: https://tiepthisaigon.com.vn/admin/news_tb/list/root_id=999
[08:50:34] ========================================================================
[08:50:34] [OK] Worker 2 xong dòng 2018 | 32/35
[08:50:36]     DANH_MUC_ID đã có: kythuatmarketing.com | Doanh nghiệp | ID 6
[08:50:36] [PIPELINE] Word ready in RAM: row 1123 | D:\CodexProjects\Hotkeyvip\07_ket_qua\bai_viet\kythuatmarketing.com\mô hình quản trị marketing.docx

[08:50:36] ========================================================================
[08:50:36] BẮT ĐẦU BÀI 18/35
[08:50:36] ========================================================================
[08:50:36] [PIPELINE] Using Word data already prepared in RAM.
[08:50:36]     Excel row : 1123
[08:50:36]     Word file : D:\CodexProjects\Hotkeyvip\07_ket_qua\bai_viet\kythuatmarketing.com\mô hình quản trị marketing.docx
[08:50:36]     CMS URL   : https://kythuatmarketing.com/admin/news_tb/field/root_id=999
[08:50:36]     Đã ở đúng trang đăng bài, không cần đăng nhập.
[08:50:36] [3] Điền 5 ô đầu...
[08:50:36] [6] Chọn Danh mục / Tác giả từ dữ liệu đã chốt...
[08:50:37]     OK: đã chuyển sang URL sau khi lưu: https://kythuatmarketing.com/admin/news_tb/list/root_id=999
[08:50:37]     Không thấy đúng một URL công khai chắc chắn trong hàng bài → để trống URL đã đăng.
[08:50:37]     ID CMS vừa đăng: 3245

[08:50:37] ========================================================================
[08:50:37] ĐÃ LƯU XONG BÀI 17/35
[08:50:37] - Dòng Excel: 1122
[08:50:37] - HTML trước/sau: 83750/56317 ký tự
[08:50:37] - URL CMS sau khi lưu: https://kythuatmarketing.com/admin/news_tb/list/root_id=999
[08:50:37] ========================================================================
[08:50:37] [OK] Worker 5 xong dòng 1122 | 33/35
[08:50:37] Đã mở Select2 Danh mục.
[08:50:37] Đã chọn Danh mục: Doanh nghiệp
[08:50:37]     Đã gắn Note kiểm tra vào ô URL đã đăng, dòng 1124.
[08:50:38] Đã tải xong ô Select2 Tác giả.
[08:50:39] Đã random Tác giả từ CMS: Đinh Trần Công Phúc

[08:50:39] Kết quả Danh mục/Tác giả:
[08:50:39] - Trạng thái: OK
[08:50:39] - Danh mục  : Doanh nghiệp
[08:50:39] - Tác giả   : Đinh Trần Công Phúc
[08:50:39] [4] Đưa Edge lên trước và focus CKEditor detail...
[08:50:39]     DANH_MUC_ID đã có: tiepthisaigon.com.vn | Doanh nghiệp | ID 11
[08:50:40] [5] Đưa HTML Word vào CKEditor detail...
[08:50:40] Đã nạp CKEditor, độ dài HTML: 47838
[08:50:41] [7] Tạo đủ block và dán FAQ một lượt...
[08:50:41]     DANH_MUC_ID đã có: kythuatmarketing.com | Doanh nghiệp | ID 6
[08:50:41] Đã tạo đủ 5 block FAQ.
[08:50:41] Đã dán một lượt 5 cặp FAQ.

[08:50:41] Kết quả FAQ:
[08:50:41] - Trạng thái: OK
[08:50:41] - Số cặp    : 5
[08:50:41] [3] Upload ảnh đại diện...
[08:50:41]     OK: đã gửi ảnh đại diện
[08:50:41] [4] Mở popup ảnh CKEditor...
[08:50:42] [5] Click tab Tải lên...
[08:50:42] [6] Chọn ảnh bài viết...
[08:50:42]     D:\CodexProjects\Hotkeyvip\07_ket_qua\bai_viet\kythuatmarketing.com\mô hình quản trị marketing 2.png
[08:50:42]     OK: đã chọn file trong popup
[08:50:42] [7] Click Tải lên máy chủ...
[08:50:42] [8] Chờ server trả URL ảnh...
[08:50:43]     URL: /uploads/images/editor/mo-hinh-quan-tri-marketing-2.png
[08:50:43] [9] Click Đồng ý...
[08:50:43]     OK: ảnh đã được chèn vào CKEditor
[08:50:43] [13] Lấy và gom HTML trực tiếp trong CKEditor...
[08:50:43]     OK: đã gom HTML bằng Python
[08:50:43]     HTML trước : 48009 ký tự
[08:50:43]     HTML sau   : 33879 ký tự
[08:50:43]     Số ảnh     : 1
[08:50:43]     Số H2/H3   : 14/21
[08:50:43] [CONTENT CHECK] OK: 12 Word markers found in CKEditor.
[08:50:43] [14] Kiểm tra bảo hiểm ngay trước khi Save...
[08:50:43]     OK: Title, H1, Keyword, Danh mục, ảnh, H2 và bullet đều hợp lệ.
[08:50:43]     Đang chờ khóa Save/Xác nhận ID của đúng tên miền...
[08:50:43]     Đã đến lượt Save/Xác nhận ID của tên miền này.
[08:50:43] [14] Click nút lưu bài...
[08:50:44] [PIPELINE] Word ready in RAM: row 2019 | D:\CodexProjects\Hotkeyvip\07_ket_qua\bai_viet\tiepthisaigon.com.vn\kỹ năng quản trị doanh nghiệp.docx

[08:50:44] ========================================================================
[08:50:44] BẮT ĐẦU BÀI 27/35
[08:50:44] ========================================================================
[08:50:44] [PIPELINE] Using Word data already prepared in RAM.
[08:50:44]     Excel row : 2019
[08:50:44]     Word file : D:\CodexProjects\Hotkeyvip\07_ket_qua\bai_viet\tiepthisaigon.com.vn\kỹ năng quản trị doanh nghiệp.docx
[08:50:44]     CMS URL   : https://tiepthisaigon.com.vn/admin/news_tb/field/root_id=999
[08:50:44]     Đã ở đúng trang đăng bài, không cần đăng nhập.
[08:50:44] [3] Điền 5 ô đầu...
[08:50:45] [6] Chọn Danh mục / Tác giả từ dữ liệu đã chốt...
[08:50:46] Đã mở Select2 Danh mục.
[08:50:46] Đã chọn Danh mục: Doanh nghiệp
[08:50:46]     OK: đã chuyển sang URL sau khi lưu: https://kythuatmarketing.com/admin/news_tb/list/root_id=999
[08:50:46]     Không thấy đúng một URL công khai chắc chắn trong hàng bài → để trống URL đã đăng.
[08:50:46]     ID CMS vừa đăng: 3246

[08:50:46] ========================================================================
[08:50:46] ĐÃ LƯU XONG BÀI 18/35
[08:50:46] - Dòng Excel: 1123
[08:50:46] - HTML trước/sau: 48009/33879 ký tự
[08:50:46] - URL CMS sau khi lưu: https://kythuatmarketing.com/admin/news_tb/list/root_id=999
[08:50:46] ========================================================================
[08:50:46] [OK] Worker 3 xong dòng 1123 | 34/35
[08:50:47] Đã tải xong ô Select2 Tác giả.
[08:50:47]     DANH_MUC_ID đã có: kythuatmarketing.com | Doanh nghiệp | ID 6
[08:50:47] Đã random Tác giả từ CMS: Châu Gia Ánh Trúc

[08:50:47] Kết quả Danh mục/Tác giả:
[08:50:47] - Trạng thái: OK
[08:50:47] - Danh mục  : Doanh nghiệp
[08:50:47] - Tác giả   : Châu Gia Ánh Trúc
[08:50:47] [4] Đưa Edge lên trước và focus CKEditor detail...
[08:50:48] [5] Đưa HTML Word vào CKEditor detail...
[08:50:48] Đã nạp CKEditor, độ dài HTML: 26124
[08:50:49] [7] Tạo đủ block và dán FAQ một lượt...
[08:50:50] Đã tạo đủ 4 block FAQ.
[08:50:50] Đã dán một lượt 4 cặp FAQ.

[08:50:50] Kết quả FAQ:
[08:50:50] - Trạng thái: OK
[08:50:50] - Số cặp    : 4
[08:50:50] [3] Upload ảnh đại diện...
[08:50:50]     OK: đã gửi ảnh đại diện
[08:50:50] [4] Mở popup ảnh CKEditor...
[08:50:51] [5] Click tab Tải lên...
[08:50:51] [6] Chọn ảnh bài viết...
[08:50:51]     D:\CodexProjects\Hotkeyvip\07_ket_qua\bai_viet\tiepthisaigon.com.vn\kỹ năng quản trị doanh nghiệp 2.png
[08:50:51]     OK: đã chọn file trong popup
[08:50:51] [7] Click Tải lên máy chủ...
[08:50:52] [8] Chờ server trả URL ảnh...
[08:50:52]     URL: /uploads/images/editor/ky-nang-quan-tri-doanh-nghiep-2.png
[08:50:52] [9] Click Đồng ý...
[08:50:53]     OK: ảnh đã được chèn vào CKEditor
[08:50:53] [13] Lấy và gom HTML trực tiếp trong CKEditor...
[08:50:53]     OK: đã gom HTML bằng Python
[08:50:53]     HTML trước : 26306 ký tự
[08:50:53]     HTML sau   : 16217 ký tự
[08:50:53]     Số ảnh     : 1
[08:50:53]     Số H2/H3   : 4/10
[08:50:53] [CONTENT CHECK] OK: 12 Word markers found in CKEditor.
[08:50:53] [14] Kiểm tra bảo hiểm ngay trước khi Save...
[08:50:53]     OK: Title, H1, Keyword, Danh mục, ảnh, H2 và bullet đều hợp lệ.
[08:50:53]     Đang chờ khóa Save/Xác nhận ID của đúng tên miền...
[08:50:53]     Đã đến lượt Save/Xác nhận ID của tên miền này.
[08:50:53] [14] Click nút lưu bài...
[08:50:56]     OK: đã chuyển sang URL sau khi lưu: https://tiepthisaigon.com.vn/admin/news_tb/list/root_id=999
[08:50:56]     Không thấy đúng một URL công khai chắc chắn trong hàng bài → để trống URL đã đăng.
[08:50:56]     ID CMS vừa đăng: 4681

[08:50:56] ========================================================================
[08:50:56] ĐÃ LƯU XONG BÀI 27/35
[08:50:56] - Dòng Excel: 2019
[08:50:56] - HTML trước/sau: 26306/16217 ký tự
[08:50:56] - URL CMS sau khi lưu: https://tiepthisaigon.com.vn/admin/news_tb/list/root_id=999
[08:50:56] ========================================================================
[08:50:56] [OK] Worker 4 xong dòng 2019 | 35/35
[08:50:58]     DANH_MUC_ID đã có: tiepthisaigon.com.vn | Doanh nghiệp | ID 11
[08:51:00] ========================================================================
[08:51:00] KẾT THÚC: hoàn thành 35/35 bài
[08:51:00] ========================================================================
[08:51:00] Thời gian kết thúc: 04/08/2026 08:51:00
[08:51:00] Đã lưu log lỗi điều phối tại: D:\CodexProjects\Hotkeyvip\06_du_lieu_chay\log_dang_bai\dang_bai_dieu_phoi_20260804_084613.log

========================================================================
Kết thúc: 2026-08-04 08:51:00
Mã thoát: 1
Thời gian: 287.78 giây
